Label_Lexi,Region_Lexi,Label_Delin,Net_Delin,Label_Yeo,ROI_Yeo,R,A,S,Label_ggseg,region_ggseg,ROI_Data,,,,,Label_Lab
1,Schaefer2018_17Networks_LH_VisCent_ExStr_1,1,VisCent,1,17Networks_LH_VisCent_ExStr_1,-36,-62,-16,lh_17Networks_LH_VisCent_ExStr_1,VisCent_ExStr_1,X17Networks_LH_VisCent_ExStr_1,,,,1,Schaefer2018_17Networks_LH_VisCent_ExStr_1
2,Schaefer2018_17Networks_LH_VisCent_ExStr_2,1,VisCent,2,17Networks_LH_VisCent_ExStr_2,-24,-72,-10,lh_17Networks_LH_VisCent_ExStr_2,VisCent_ExStr_2,X17Networks_LH_VisCent_ExStr_2,,,,2,Schaefer2018_17Networks_LH_VisCent_ExStr_2
2,Schaefer2018_17Networks_LH_VisCent_ExStr_3,1,VisCent,3,17Networks_LH_VisCent_ExStr_3,-36,-82,-16,lh_17Networks_LH_VisCent_ExStr_3,VisCent_ExStr_3,X17Networks_LH_VisCent_ExStr_3,,,,3,Schaefer2018_17Networks_LH_VisCent_ExStr_3
3,Schaefer2018_17Networks_LH_VisCent_ExStr_4,1,VisCent,4,17Networks_LH_VisCent_ExStr_4,-16,-86,-16,lh_17Networks_LH_VisCent_ExStr_4,VisCent_ExStr_4,X17Networks_LH_VisCent_ExStr_4,,,,4,Schaefer2018_17Networks_LH_VisCent_ExStr_4
4,Schaefer2018_17Networks_LH_VisCent_ExStr_5,1,VisCent,5,17Networks_LH_VisCent_ExStr_5,-24,-96,-12,lh_17Networks_LH_VisCent_ExStr_5,VisCent_ExStr_5,X17Networks_LH_VisCent_ExStr_5,,,,5,Schaefer2018_17Networks_LH_VisCent_ExStr_5
5,Schaefer2018_17Networks_LH_VisCent_ExStr_6,1,VisCent,6,17Networks_LH_VisCent_ExStr_6,-42,-86,-4,lh_17Networks_LH_VisCent_ExStr_6,VisCent_ExStr_6,X17Networks_LH_VisCent_ExStr_6,,,,6,Schaefer2018_17Networks_LH_VisCent_ExStr_6
6,Schaefer2018_17Networks_LH_VisCent_ExStr_7,1,VisCent,7,17Networks_LH_VisCent_Striate_1,-8,-98,-8,lh_17Networks_LH_VisCent_Striate_1,VisCent_Striate_1,X17Networks_LH_VisCent_Striate_1,,,,7,Schaefer2018_17Networks_LH_VisCent_ExStr_7
7,Schaefer2018_17Networks_LH_VisCent_ExStr_8,1,VisCent,8,17Networks_LH_VisCent_ExStr_7,-46,-74,6,lh_17Networks_LH_VisCent_ExStr_7,VisCent_ExStr_7,X17Networks_LH_VisCent_ExStr_7,,,,8,Schaefer2018_17Networks_LH_VisCent_ExStr_8
8,Schaefer2018_17Networks_LH_VisCent_ExStr_9,1,VisCent,9,17Networks_LH_VisCent_ExStr_8,-24,-96,6,lh_17Networks_LH_VisCent_ExStr_8,VisCent_ExStr_8,X17Networks_LH_VisCent_ExStr_8,,,,9,Schaefer2018_17Networks_LH_VisCent_ExStr_9
9,Schaefer2018_17Networks_LH_VisCent_ExStr_10,1,VisCent,10,17Networks_LH_VisCent_ExStr_9,-40,-84,14,lh_17Networks_LH_VisCent_ExStr_9,VisCent_ExStr_9,X17Networks_LH_VisCent_ExStr_9,,,,10,Schaefer2018_17Networks_LH_VisCent_ExStr_10
10,Schaefer2018_17Networks_LH_VisCent_ExStr_11,1,VisCent,11,17Networks_LH_VisCent_ExStr_10,-10,-96,18,lh_17Networks_LH_VisCent_ExStr_10,VisCent_ExStr_10,X17Networks_LH_VisCent_ExStr_10,,,,11,Schaefer2018_17Networks_LH_VisCent_ExStr_11
11,Schaefer2018_17Networks_LH_VisCent_ExStr_12,1,VisCent,12,17Networks_LH_VisCent_ExStr_11,-26,-84,22,lh_17Networks_LH_VisCent_ExStr_11,VisCent_ExStr_11,X17Networks_LH_VisCent_ExStr_11,,,,12,Schaefer2018_17Networks_LH_VisCent_ExStr_12
12,Schaefer2018_17Networks_LH_VisPeri_ExStrSup_1,2,VisPeri,13,17Networks_LH_VisPeri_ExStrInf_1,-24,-54,-8,lh_17Networks_LH_VisPeri_ExStrInf_1,VisPeri_ExStrInf_1,X17Networks_LH_VisPeri_ExStrInf_1,,,,13,Schaefer2018_17Networks_LH_VisPeri_ExStrSup_1
13,Schaefer2018_17Networks_LH_VisPeri_ExStrSup_2,2,VisPeri,14,17Networks_LH_VisPeri_ExStrInf_2,-12,-62,-4,lh_17Networks_LH_VisPeri_ExStrInf_2,VisPeri_ExStrInf_2,X17Networks_LH_VisPeri_ExStrInf_2,,,,14,Schaefer2018_17Networks_LH_VisPeri_ExStrSup_2
14,Schaefer2018_17Networks_LH_VisPeri_ExStrSup_3,2,VisPeri,15,17Networks_LH_VisPeri_ExStrInf_3,-6,-76,-6,lh_17Networks_LH_VisPeri_ExStrInf_3,VisPeri_ExStrInf_3,X17Networks_LH_VisPeri_ExStrInf_3,,,,15,Schaefer2018_17Networks_LH_VisPeri_ExStrSup_3
15,Schaefer2018_17Networks_LH_VisPeri_ExStrSup_4,2,VisPeri,16,17Networks_LH_VisPeri_ExStrInf_4,-14,-44,-6,lh_17Networks_LH_VisPeri_ExStrInf_4,VisPeri_ExStrInf_4,X17Networks_LH_VisPeri_ExStrInf_4,,,,16,Schaefer2018_17Networks_LH_VisPeri_ExStrSup_4
16,Schaefer2018_17Networks_LH_VisPeri_ExStrSup_5,2,VisPeri,17,17Networks_LH_VisPeri_ExStrInf_5,-14,-56,2,lh_17Networks_LH_VisPeri_ExStrInf_5,VisPeri_ExStrInf_5,X17Networks_LH_VisPeri_ExStrInf_5,,,,17,Schaefer2018_17Networks_LH_VisPeri_ExStrSup_5
17,Schaefer2018_17Networks_LH_VisPeri_ExStrSup_6,2,VisPeri,18,17Networks_LH_VisPeri_StriCal_1,-4,-88,2,lh_17Networks_LH_VisPeri_StriCal_1,VisPeri_StriCal_1,X17Networks_LH_VisPeri_StriCal_1,,,,18,Schaefer2018_17Networks_LH_VisPeri_ExStrSup_6
18,Schaefer2018_17Networks_LH_VisPeri_ExStrSup_7,2,VisPeri,19,17Networks_LH_VisPeri_StriCal_2,-8,-74,10,lh_17Networks_LH_VisPeri_StriCal_2,VisPeri_StriCal_2,X17Networks_LH_VisPeri_StriCal_2,,,,19,Schaefer2018_17Networks_LH_VisPeri_ExStrSup_7
19,Schaefer2018_17Networks_LH_VisPeri_ExStrSup_8,2,VisPeri,20,17Networks_LH_VisPeri_ExStrSup_1,-18,-64,6,lh_17Networks_LH_VisPeri_ExStrSup_1,VisPeri_ExStrSup_1,X17Networks_LH_VisPeri_ExStrSup_1,,,,20,Schaefer2018_17Networks_LH_VisPeri_ExStrSup_8
20,Schaefer2018_17Networks_LH_VisPeri_ExStrSup_9,2,VisPeri,21,17Networks_LH_VisPeri_ExStrSup_2,-2,-84,24,lh_17Networks_LH_VisPeri_ExStrSup_2,VisPeri_ExStrSup_2,X17Networks_LH_VisPeri_ExStrSup_2,,,,21,Schaefer2018_17Networks_LH_VisPeri_ExStrSup_9
21,Schaefer2018_17Networks_LH_VisPeri_ExStrSup_10,2,VisPeri,22,17Networks_LH_VisPeri_ExStrSup_3,-12,-72,20,lh_17Networks_LH_VisPeri_ExStrSup_3,VisPeri_ExStrSup_3,X17Networks_LH_VisPeri_ExStrSup_3,,,,22,Schaefer2018_17Networks_LH_VisPeri_ExStrSup_10
22,Schaefer2018_17Networks_LH_VisPeri_ExStrSup_11,2,VisPeri,23,17Networks_LH_VisPeri_ExStrSup_4,-16,-88,34,lh_17Networks_LH_VisPeri_ExStrSup_4,VisPeri_ExStrSup_4,X17Networks_LH_VisPeri_ExStrSup_4,,,,23,Schaefer2018_17Networks_LH_VisPeri_ExStrSup_11
23,Schaefer2018_17Networks_LH_VisPeri_ExStrSup_12,2,VisPeri,24,17Networks_LH_VisPeri_ExStrSup_5,-12,-82,36,lh_17Networks_LH_VisPeri_ExStrSup_5,VisPeri_ExStrSup_5,X17Networks_LH_VisPeri_ExStrSup_5,,,,24,Schaefer2018_17Networks_LH_VisPeri_ExStrSup_12
24,Schaefer2018_17Networks_LH_SomMotA_1,3,SomMotA,25,17Networks_LH_SomMotA_1,-8,-16,48,lh_17Networks_LH_SomMotA_1,SomMotA_1,X17Networks_LH_SomMotA_1,,,,25,Schaefer2018_17Networks_LH_SomMotA_1
25,Schaefer2018_17Networks_LH_SomMotA_2,3,SomMotA,26,17Networks_LH_SomMotA_2,-40,-14,48,lh_17Networks_LH_SomMotA_2,SomMotA_2,X17Networks_LH_SomMotA_2,,,,26,Schaefer2018_17Networks_LH_SomMotA_2
26,Schaefer2018_17Networks_LH_SomMotA_3,3,SomMotA,27,17Networks_LH_SomMotA_3,-48,-18,54,lh_17Networks_LH_SomMotA_3,SomMotA_3,X17Networks_LH_SomMotA_3,,,,27,Schaefer2018_17Networks_LH_SomMotA_3
27,Schaefer2018_17Networks_LH_SomMotA_4,3,SomMotA,28,17Networks_LH_SomMotA_4,-48,-30,58,lh_17Networks_LH_SomMotA_4,SomMotA_4,X17Networks_LH_SomMotA_4,,,,28,Schaefer2018_17Networks_LH_SomMotA_4
28,Schaefer2018_17Networks_LH_SomMotA_5,3,SomMotA,29,17Networks_LH_SomMotA_5,-38,-24,52,lh_17Networks_LH_SomMotA_5,SomMotA_5,X17Networks_LH_SomMotA_5,,,,29,Schaefer2018_17Networks_LH_SomMotA_5
29,Schaefer2018_17Networks_LH_SomMotA_6,3,SomMotA,30,17Networks_LH_SomMotA_6,-8,-38,54,lh_17Networks_LH_SomMotA_6,SomMotA_6,X17Networks_LH_SomMotA_6,,,,30,Schaefer2018_17Networks_LH_SomMotA_6
30,Schaefer2018_17Networks_LH_SomMotA_7,3,SomMotA,31,17Networks_LH_SomMotA_7,-4,-24,56,lh_17Networks_LH_SomMotA_7,SomMotA_7,X17Networks_LH_SomMotA_7,,,,31,Schaefer2018_17Networks_LH_SomMotA_7
31,Schaefer2018_17Networks_LH_SomMotA_8,3,SomMotA,32,17Networks_LH_SomMotA_8,-4,-8,60,lh_17Networks_LH_SomMotA_8,SomMotA_8,X17Networks_LH_SomMotA_8,,,,32,Schaefer2018_17Networks_LH_SomMotA_8
32,Schaefer2018_17Networks_LH_SomMotA_9,3,SomMotA,33,17Networks_LH_SomMotA_9,-36,-20,64,lh_17Networks_LH_SomMotA_9,SomMotA_9,X17Networks_LH_SomMotA_9,,,,33,Schaefer2018_17Networks_LH_SomMotA_9
33,Schaefer2018_17Networks_LH_SomMotA_10,3,SomMotA,34,17Networks_LH_SomMotA_10,-32,-30,62,lh_17Networks_LH_SomMotA_10,SomMotA_10,X17Networks_LH_SomMotA_10,,,,34,Schaefer2018_17Networks_LH_SomMotA_10
34,Schaefer2018_17Networks_LH_SomMotA_11,3,SomMotA,35,17Networks_LH_SomMotA_11,-30,-38,66,lh_17Networks_LH_SomMotA_11,SomMotA_11,X17Networks_LH_SomMotA_11,,,,35,Schaefer2018_17Networks_LH_SomMotA_11
35,Schaefer2018_17Networks_LH_SomMotA_12,3,SomMotA,36,17Networks_LH_SomMotA_12,-24,-10,64,lh_17Networks_LH_SomMotA_12,SomMotA_12,X17Networks_LH_SomMotA_12,,,,36,Schaefer2018_17Networks_LH_SomMotA_12
36,Schaefer2018_17Networks_LH_SomMotA_13,3,SomMotA,37,17Networks_LH_SomMotA_13,-20,-24,66,lh_17Networks_LH_SomMotA_13,SomMotA_13,X17Networks_LH_SomMotA_13,,,,37,Schaefer2018_17Networks_LH_SomMotA_13
37,Schaefer2018_17Networks_LH_SomMotA_14,3,SomMotA,38,17Networks_LH_SomMotA_14,-8,-42,70,lh_17Networks_LH_SomMotA_14,SomMotA_14,X17Networks_LH_SomMotA_14,,,,38,Schaefer2018_17Networks_LH_SomMotA_14
38,Schaefer2018_17Networks_LH_SomMotA_15,3,SomMotA,39,17Networks_LH_SomMotA_15,-4,-26,68,lh_17Networks_LH_SomMotA_15,SomMotA_15,X17Networks_LH_SomMotA_15,,,,39,Schaefer2018_17Networks_LH_SomMotA_15
39,Schaefer2018_17Networks_LH_SomMotA_16,3,SomMotA,40,17Networks_LH_SomMotA_16,-14,-12,72,lh_17Networks_LH_SomMotA_16,SomMotA_16,X17Networks_LH_SomMotA_16,,,,40,Schaefer2018_17Networks_LH_SomMotA_16
40,Schaefer2018_17Networks_LH_SomMotA_17,3,SomMotA,41,17Networks_LH_SomMotA_17,-18,-32,68,lh_17Networks_LH_SomMotA_17,SomMotA_17,X17Networks_LH_SomMotA_17,,,,41,Schaefer2018_17Networks_LH_SomMotA_17
41,Schaefer2018_17Networks_LH_SomMotA_18,3,SomMotA,42,17Networks_LH_SomMotA_18,-18,-40,72,lh_17Networks_LH_SomMotA_18,SomMotA_18,X17Networks_LH_SomMotA_18,,,,42,Schaefer2018_17Networks_LH_SomMotA_18
42,Schaefer2018_17Networks_LH_SomMotA_19,3,SomMotA,43,17Networks_LH_SomMotA_19,-12,-26,74,lh_17Networks_LH_SomMotA_19,SomMotA_19,X17Networks_LH_SomMotA_19,,,,43,Schaefer2018_17Networks_LH_SomMotA_19
43,Schaefer2018_17Networks_LH_SomMotB_Aud_1,4,SomMotB,44,17Networks_LH_SomMotB_Aud_1,-50,-10,0,lh_17Networks_LH_SomMotB_Aud_1,SomMotB_Aud_1,X17Networks_LH_SomMotB_Aud_1,,,,44,Schaefer2018_17Networks_LH_SomMotB_Aud_1
44,Schaefer2018_17Networks_LH_SomMotB_Aud_2,4,SomMotB,45,17Networks_LH_SomMotB_Aud_2,-56,-22,8,lh_17Networks_LH_SomMotB_Aud_2,SomMotB_Aud_2,X17Networks_LH_SomMotB_Aud_2,,,,45,Schaefer2018_17Networks_LH_SomMotB_Aud_2
45,Schaefer2018_17Networks_LH_SomMotB_Aud_3,4,SomMotB,46,17Networks_LH_SomMotB_Ins_1,-36,-24,10,lh_17Networks_LH_SomMotB_Ins_1,SomMotB_Ins_1,X17Networks_LH_SomMotB_Ins_1,,,,46,Schaefer2018_17Networks_LH_SomMotB_Aud_3
46,Schaefer2018_17Networks_LH_SomMotB_Aud_4,4,SomMotB,47,17Networks_LH_SomMotB_S2_1,-38,-8,12,lh_17Networks_LH_SomMotB_S2_1,SomMotB_S2_1,X17Networks_LH_SomMotB_S2_1,,,,47,Schaefer2018_17Networks_LH_SomMotB_Aud_4
47,Schaefer2018_17Networks_LH_SomMotB_Aud_5,4,SomMotB,48,17Networks_LH_SomMotB_S2_2,-36,-26,18,lh_17Networks_LH_SomMotB_S2_2,SomMotB_S2_2,X17Networks_LH_SomMotB_S2_2,,,,48,Schaefer2018_17Networks_LH_SomMotB_Aud_5
48,Schaefer2018_17Networks_LH_SomMotB_Aud_6,4,SomMotB,49,17Networks_LH_SomMotB_Aud_3,-58,-36,16,lh_17Networks_LH_SomMotB_Aud_3,SomMotB_Aud_3,X17Networks_LH_SomMotB_Aud_3,,,,49,Schaefer2018_17Networks_LH_SomMotB_Aud_6
49,Schaefer2018_17Networks_LH_SomMotB_Aud_7,4,SomMotB,50,17Networks_LH_SomMotB_Aud_4,-40,-36,14,lh_17Networks_LH_SomMotB_Aud_4,SomMotB_Aud_4,X17Networks_LH_SomMotB_Aud_4,,,,50,Schaefer2018_17Networks_LH_SomMotB_Aud_7
50,Schaefer2018_17Networks_LH_SomMotB_Aud_8,4,SomMotB,51,17Networks_LH_SomMotB_S2_3,-48,-12,14,lh_17Networks_LH_SomMotB_S2_3,SomMotB_S2_3,X17Networks_LH_SomMotB_S2_3,,,,51,Schaefer2018_17Networks_LH_SomMotB_Aud_8
51,Schaefer2018_17Networks_LH_SomMotB_Aud_9,4,SomMotB,52,17Networks_LH_SomMotB_S2_4,-60,-2,10,lh_17Networks_LH_SomMotB_S2_4,SomMotB_S2_4,X17Networks_LH_SomMotB_S2_4,,,,52,Schaefer2018_17Networks_LH_SomMotB_Aud_9
52,Schaefer2018_17Networks_LH_SomMotB_Aud_10,4,SomMotB,53,17Networks_LH_SomMotB_S2_5,-48,-24,18,lh_17Networks_LH_SomMotB_S2_5,SomMotB_S2_5,X17Networks_LH_SomMotB_S2_5,,,,53,Schaefer2018_17Networks_LH_SomMotB_Aud_10
53,Schaefer2018_17Networks_LH_SomMotB_Aud_11,4,SomMotB,54,17Networks_LH_SomMotB_S2_6,-62,-18,20,lh_17Networks_LH_SomMotB_S2_6,SomMotB_S2_6,X17Networks_LH_SomMotB_S2_6,,,,54,Schaefer2018_17Networks_LH_SomMotB_Aud_11
54,Schaefer2018_17Networks_LH_SomMotB_Aud_12,4,SomMotB,55,17Networks_LH_SomMotB_Cent_1,-60,-2,24,lh_17Networks_LH_SomMotB_Cent_1,SomMotB_Cent_1,X17Networks_LH_SomMotB_Cent_1,,,,55,Schaefer2018_17Networks_LH_SomMotB_Aud_12
55,Schaefer2018_17Networks_LH_SomMotB_Aud_13,4,SomMotB,56,17Networks_LH_SomMotB_Cent_2,-62,-10,32,lh_17Networks_LH_SomMotB_Cent_2,SomMotB_Cent_2,X17Networks_LH_SomMotB_Cent_2,,,,56,Schaefer2018_17Networks_LH_SomMotB_Aud_13
56,Schaefer2018_17Networks_LH_SomMotB_Aud_14,4,SomMotB,57,17Networks_LH_SomMotB_Cent_3,-54,-8,30,lh_17Networks_LH_SomMotB_Cent_3,SomMotB_Cent_3,X17Networks_LH_SomMotB_Cent_3,,,,57,Schaefer2018_17Networks_LH_SomMotB_Aud_14
57,Schaefer2018_17Networks_LH_SomMotB_Aud_15,4,SomMotB,58,17Networks_LH_SomMotB_Cent_4,-52,-6,44,lh_17Networks_LH_SomMotB_Cent_4,SomMotB_Cent_4,X17Networks_LH_SomMotB_Cent_4,,,,58,Schaefer2018_17Networks_LH_SomMotB_Aud_15
58,Schaefer2018_17Networks_LH_SomMotB_Aud_16,4,SomMotB,59,17Networks_LH_SomMotB_Cent_5,-48,-16,40,lh_17Networks_LH_SomMotB_Cent_5,SomMotB_Cent_5,X17Networks_LH_SomMotB_Cent_5,,,,59,Schaefer2018_17Networks_LH_SomMotB_Aud_16
59,Schaefer2018_17Networks_LH_DorsAttnA_TempOcc_1,5,DorsAttnA,60,17Networks_LH_DorsAttnA_TempOcc_1,-44,-42,-22,lh_17Networks_LH_DorsAttnA_TempOcc_1,DorsAttnA_TempOcc_1,X17Networks_LH_DorsAttnA_TempOcc_1,,,,60,Schaefer2018_17Networks_LH_DorsAttnA_TempOcc_1
60,Schaefer2018_17Networks_LH_DorsAttnA_TempOcc_2,5,DorsAttnA,61,17Networks_LH_DorsAttnA_TempOcc_2,-32,-42,-20,lh_17Networks_LH_DorsAttnA_TempOcc_2,DorsAttnA_TempOcc_2,X17Networks_LH_DorsAttnA_TempOcc_2,,,,61,Schaefer2018_17Networks_LH_DorsAttnA_TempOcc_2
61,Schaefer2018_17Networks_LH_DorsAttnA_TempOcc_3,5,DorsAttnA,62,17Networks_LH_DorsAttnA_TempOcc_3,-48,-56,-16,lh_17Networks_LH_DorsAttnA_TempOcc_3,DorsAttnA_TempOcc_3,X17Networks_LH_DorsAttnA_TempOcc_3,,,,62,Schaefer2018_17Networks_LH_DorsAttnA_TempOcc_3
62,Schaefer2018_17Networks_LH_DorsAttnA_TempOcc_4,5,DorsAttnA,63,17Networks_LH_DorsAttnA_TempOcc_4,-46,-70,-8,lh_17Networks_LH_DorsAttnA_TempOcc_4,DorsAttnA_TempOcc_4,X17Networks_LH_DorsAttnA_TempOcc_4,,,,63,Schaefer2018_17Networks_LH_DorsAttnA_TempOcc_4
63,Schaefer2018_17Networks_LH_DorsAttnA_ParOcc_1,5,DorsAttnA,64,17Networks_LH_DorsAttnA_ParOcc_1,-48,-66,16,lh_17Networks_LH_DorsAttnA_ParOcc_1,DorsAttnA_ParOcc_1,X17Networks_LH_DorsAttnA_ParOcc_1,,,,64,Schaefer2018_17Networks_LH_DorsAttnA_ParOcc_1
64,Schaefer2018_17Networks_LH_DorsAttnA_SPL_1,5,DorsAttnA,65,17Networks_LH_DorsAttnA_ParOcc_2,-32,-84,26,lh_17Networks_LH_DorsAttnA_ParOcc_2,DorsAttnA_ParOcc_2,X17Networks_LH_DorsAttnA_ParOcc_2,,,,65,Schaefer2018_17Networks_LH_DorsAttnA_SPL_1
65,Schaefer2018_17Networks_LH_DorsAttnA_SPL_2,5,DorsAttnA,66,17Networks_LH_DorsAttnA_SPL_1,-26,-70,30,lh_17Networks_LH_DorsAttnA_SPL_1,DorsAttnA_SPL_1,X17Networks_LH_DorsAttnA_SPL_1,,,,66,Schaefer2018_17Networks_LH_DorsAttnA_SPL_2
66,Schaefer2018_17Networks_LH_DorsAttnA_SPL_3,5,DorsAttnA,67,17Networks_LH_DorsAttnA_SPL_2,-22,-78,44,lh_17Networks_LH_DorsAttnA_SPL_2,DorsAttnA_SPL_2,X17Networks_LH_DorsAttnA_SPL_2,,,,67,Schaefer2018_17Networks_LH_DorsAttnA_SPL_3
67,Schaefer2018_17Networks_LH_DorsAttnA_SPL_4,5,DorsAttnA,68,17Networks_LH_DorsAttnA_SPL_3,-22,-66,46,lh_17Networks_LH_DorsAttnA_SPL_3,DorsAttnA_SPL_3,X17Networks_LH_DorsAttnA_SPL_3,,,,68,Schaefer2018_17Networks_LH_DorsAttnA_SPL_4
68,Schaefer2018_17Networks_LH_DorsAttnA_SPL_5,5,DorsAttnA,69,17Networks_LH_DorsAttnA_SPL_4,-28,-58,50,lh_17Networks_LH_DorsAttnA_SPL_4,DorsAttnA_SPL_4,X17Networks_LH_DorsAttnA_SPL_4,,,,69,Schaefer2018_17Networks_LH_DorsAttnA_SPL_5
69,Schaefer2018_17Networks_LH_DorsAttnA_SPL_6,5,DorsAttnA,70,17Networks_LH_DorsAttnA_SPL_5,-36,-52,56,lh_17Networks_LH_DorsAttnA_SPL_5,DorsAttnA_SPL_5,X17Networks_LH_DorsAttnA_SPL_5,,,,70,Schaefer2018_17Networks_LH_DorsAttnA_SPL_6
70,Schaefer2018_17Networks_LH_DorsAttnA_SPL_7,5,DorsAttnA,71,17Networks_LH_DorsAttnA_SPL_6,-14,-70,58,lh_17Networks_LH_DorsAttnA_SPL_6,DorsAttnA_SPL_6,X17Networks_LH_DorsAttnA_SPL_6,,,,71,Schaefer2018_17Networks_LH_DorsAttnA_SPL_7
71,Schaefer2018_17Networks_LH_DorsAttnA_SPL_8,5,DorsAttnA,72,17Networks_LH_DorsAttnA_SPL_7,-28,-62,62,lh_17Networks_LH_DorsAttnA_SPL_7,DorsAttnA_SPL_7,X17Networks_LH_DorsAttnA_SPL_7,,,,72,Schaefer2018_17Networks_LH_DorsAttnA_SPL_8
72,Schaefer2018_17Networks_LH_DorsAttnB_PostC_1,6,DorsAttnB,73,17Networks_LH_DorsAttnB_PostC_1,-62,-24,32,lh_17Networks_LH_DorsAttnB_PostC_1,DorsAttnB_PostC_1,X17Networks_LH_DorsAttnB_PostC_1,,,,73,Schaefer2018_17Networks_LH_DorsAttnB_PostC_1
73,Schaefer2018_17Networks_LH_DorsAttnB_PostC_2,6,DorsAttnB,74,17Networks_LH_DorsAttnB_PostC_2,-54,-20,40,lh_17Networks_LH_DorsAttnB_PostC_2,DorsAttnB_PostC_2,X17Networks_LH_DorsAttnB_PostC_2,,,,74,Schaefer2018_17Networks_LH_DorsAttnB_PostC_2
74,Schaefer2018_17Networks_LH_DorsAttnB_PostC_3,6,DorsAttnB,75,17Networks_LH_DorsAttnB_PostC_3,-54,-32,44,lh_17Networks_LH_DorsAttnB_PostC_3,DorsAttnB_PostC_3,X17Networks_LH_DorsAttnB_PostC_3,,,,75,Schaefer2018_17Networks_LH_DorsAttnB_PostC_3
75,Schaefer2018_17Networks_LH_DorsAttnB_PostC_4,6,DorsAttnB,76,17Networks_LH_DorsAttnB_PostC_4,-46,-30,44,lh_17Networks_LH_DorsAttnB_PostC_4,DorsAttnB_PostC_4,X17Networks_LH_DorsAttnB_PostC_4,,,,76,Schaefer2018_17Networks_LH_DorsAttnB_PostC_4
76,Schaefer2018_17Networks_LH_DorsAttnB_PostC_5,6,DorsAttnB,77,17Networks_LH_DorsAttnB_PostC_5,-38,-38,50,lh_17Networks_LH_DorsAttnB_PostC_5,DorsAttnB_PostC_5,X17Networks_LH_DorsAttnB_PostC_5,,,,77,Schaefer2018_17Networks_LH_DorsAttnB_PostC_5
77,Schaefer2018_17Networks_LH_DorsAttnB_PostC_6,6,DorsAttnB,78,17Networks_LH_DorsAttnB_PostC_6,-30,-46,62,lh_17Networks_LH_DorsAttnB_PostC_6,DorsAttnB_PostC_6,X17Networks_LH_DorsAttnB_PostC_6,,,,78,Schaefer2018_17Networks_LH_DorsAttnB_PostC_6
78,Schaefer2018_17Networks_LH_DorsAttnB_PostC_7,6,DorsAttnB,79,17Networks_LH_DorsAttnB_PostC_7,-8,-58,64,lh_17Networks_LH_DorsAttnB_PostC_7,DorsAttnB_PostC_7,X17Networks_LH_DorsAttnB_PostC_7,,,,79,Schaefer2018_17Networks_LH_DorsAttnB_PostC_7
79,Schaefer2018_17Networks_LH_DorsAttnB_PostC_8,6,DorsAttnB,80,17Networks_LH_DorsAttnB_PostC_8,-20,-56,66,lh_17Networks_LH_DorsAttnB_PostC_8,DorsAttnB_PostC_8,X17Networks_LH_DorsAttnB_PostC_8,,,,80,Schaefer2018_17Networks_LH_DorsAttnB_PostC_8
80,Schaefer2018_17Networks_LH_DorsAttnB_PostC_9,6,DorsAttnB,81,17Networks_LH_DorsAttnB_PostC_9,-14,-50,72,lh_17Networks_LH_DorsAttnB_PostC_9,DorsAttnB_PostC_9,X17Networks_LH_DorsAttnB_PostC_9,,,,81,Schaefer2018_17Networks_LH_DorsAttnB_PostC_9
81,Schaefer2018_17Networks_LH_DorsAttnB_FEF_1,6,DorsAttnB,82,17Networks_LH_DorsAttnB_FEF_1,-40,-2,52,lh_17Networks_LH_DorsAttnB_FEF_1,DorsAttnB_FEF_1,X17Networks_LH_DorsAttnB_FEF_1,,,,82,Schaefer2018_17Networks_LH_DorsAttnB_FEF_1
82,Schaefer2018_17Networks_LH_DorsAttnB_FEF_2,6,DorsAttnB,83,17Networks_LH_DorsAttnB_FEF_2,-26,0,56,lh_17Networks_LH_DorsAttnB_FEF_2,DorsAttnB_FEF_2,X17Networks_LH_DorsAttnB_FEF_2,,,,83,Schaefer2018_17Networks_LH_DorsAttnB_FEF_2
83,Schaefer2018_17Networks_LH_DorsAttnB_FEF_3,6,DorsAttnB,84,17Networks_LH_DorsAttnB_FEF_3,-30,-8,52,lh_17Networks_LH_DorsAttnB_FEF_3,DorsAttnB_FEF_3,X17Networks_LH_DorsAttnB_FEF_3,,,,84,Schaefer2018_17Networks_LH_DorsAttnB_FEF_3
84,Schaefer2018_17Networks_LH_DorsAttnB_PrCv_1,6,DorsAttnB,85,17Networks_LH_DorsAttnB_PrCv_1,-50,2,38,lh_17Networks_LH_DorsAttnB_PrCv_1,DorsAttnB_PrCv_1,X17Networks_LH_DorsAttnB_PrCv_1,,,,85,Schaefer2018_17Networks_LH_DorsAttnB_PrCv_1
85,Schaefer2018_17Networks_LH_SalVentAttnA_ParOper_1,7,SalVentAttnA,86,17Networks_LH_SalVentAttnA_ParOper_1,-54,-32,22,lh_17Networks_LH_SalVentAttnA_ParOper_1,SalVentAttnA_ParOper_1,X17Networks_LH_SalVentAttnA_ParOper_1,,,,86,Schaefer2018_17Networks_LH_SalVentAttnA_ParOper_1
86,Schaefer2018_17Networks_LH_SalVentAttnA_ParOper_2,7,SalVentAttnA,87,17Networks_LH_SalVentAttnA_ParOper_2,-58,-44,28,lh_17Networks_LH_SalVentAttnA_ParOper_2,SalVentAttnA_ParOper_2,X17Networks_LH_SalVentAttnA_ParOper_2,,,,87,Schaefer2018_17Networks_LH_SalVentAttnA_ParOper_2
87,Schaefer2018_17Networks_LH_SalVentAttnA_ParOper_3,7,SalVentAttnA,88,17Networks_LH_SalVentAttnA_ParOper_3,-62,-36,34,lh_17Networks_LH_SalVentAttnA_ParOper_3,SalVentAttnA_ParOper_3,X17Networks_LH_SalVentAttnA_ParOper_3,,,,88,Schaefer2018_17Networks_LH_SalVentAttnA_ParOper_3
88,Schaefer2018_17Networks_LH_SalVentAttnA_Ins_1,7,SalVentAttnA,89,17Networks_LH_SalVentAttnA_Ins_1,-38,2,-4,lh_17Networks_LH_SalVentAttnA_Ins_1,SalVentAttnA_Ins_1,X17Networks_LH_SalVentAttnA_Ins_1,,,,89,Schaefer2018_17Networks_LH_SalVentAttnA_Ins_1
89,Schaefer2018_17Networks_LH_SalVentAttnA_Ins_2,7,SalVentAttnA,90,17Networks_LH_SalVentAttnA_Ins_2,-40,-14,-2,lh_17Networks_LH_SalVentAttnA_Ins_2,SalVentAttnA_Ins_2,X17Networks_LH_SalVentAttnA_Ins_2,,,,90,Schaefer2018_17Networks_LH_SalVentAttnA_Ins_2
90,Schaefer2018_17Networks_LH_SalVentAttnA_Ins_3,7,SalVentAttnA,91,17Networks_LH_SalVentAttnA_Ins_3,-32,18,8,lh_17Networks_LH_SalVentAttnA_Ins_3,SalVentAttnA_Ins_3,X17Networks_LH_SalVentAttnA_Ins_3,,,,91,Schaefer2018_17Networks_LH_SalVentAttnA_Ins_3
91,Schaefer2018_17Networks_LH_SalVentAttnA_Ins_4,7,SalVentAttnA,92,17Networks_LH_SalVentAttnA_Ins_4,-36,4,10,lh_17Networks_LH_SalVentAttnA_Ins_4,SalVentAttnA_Ins_4,X17Networks_LH_SalVentAttnA_Ins_4,,,,92,Schaefer2018_17Networks_LH_SalVentAttnA_Ins_4
92,Schaefer2018_17Networks_LH_SalVentAttnA_Ins_5,7,SalVentAttnA,93,17Networks_LH_SalVentAttnA_FrOper_1,-50,2,4,lh_17Networks_LH_SalVentAttnA_FrOper_1,SalVentAttnA_FrOper_1,X17Networks_LH_SalVentAttnA_FrOper_1,,,,93,Schaefer2018_17Networks_LH_SalVentAttnA_Ins_5
93,Schaefer2018_17Networks_LH_SalVentAttnA_Ins_6,7,SalVentAttnA,94,17Networks_LH_SalVentAttnA_FrOper_2,-52,8,14,lh_17Networks_LH_SalVentAttnA_FrOper_2,SalVentAttnA_FrOper_2,X17Networks_LH_SalVentAttnA_FrOper_2,,,,94,Schaefer2018_17Networks_LH_SalVentAttnA_Ins_6
94,Schaefer2018_17Networks_LH_SalVentAttnA_ParMed_1,7,SalVentAttnA,95,17Networks_LH_SalVentAttnA_ParMed_1,-12,-28,42,lh_17Networks_LH_SalVentAttnA_ParMed_1,SalVentAttnA_ParMed_1,X17Networks_LH_SalVentAttnA_ParMed_1,,,,95,Schaefer2018_17Networks_LH_SalVentAttnA_ParMed_1
95,Schaefer2018_17Networks_LH_SalVentAttnA_ParMed_2,7,SalVentAttnA,96,17Networks_LH_SalVentAttnA_ParMed_2,-12,-42,48,lh_17Networks_LH_SalVentAttnA_ParMed_2,SalVentAttnA_ParMed_2,X17Networks_LH_SalVentAttnA_ParMed_2,,,,96,Schaefer2018_17Networks_LH_SalVentAttnA_ParMed_2
96,Schaefer2018_17Networks_LH_SalVentAttnA_ParMed_3,7,SalVentAttnA,97,17Networks_LH_SalVentAttnA_ParMed_3,-6,-48,56,lh_17Networks_LH_SalVentAttnA_ParMed_3,SalVentAttnA_ParMed_3,X17Networks_LH_SalVentAttnA_ParMed_3,,,,97,Schaefer2018_17Networks_LH_SalVentAttnA_ParMed_3
97,Schaefer2018_17Networks_LH_SalVentAttnA_FrMed_1,7,SalVentAttnA,98,17Networks_LH_SalVentAttnA_FrMed_1,-6,0,40,lh_17Networks_LH_SalVentAttnA_FrMed_1,SalVentAttnA_FrMed_1,X17Networks_LH_SalVentAttnA_FrMed_1,,,,98,Schaefer2018_17Networks_LH_SalVentAttnA_FrMed_1
98,Schaefer2018_17Networks_LH_SalVentAttnA_FrMed_2,7,SalVentAttnA,99,17Networks_LH_SalVentAttnA_FrMed_2,-6,10,48,lh_17Networks_LH_SalVentAttnA_FrMed_2,SalVentAttnA_FrMed_2,X17Networks_LH_SalVentAttnA_FrMed_2,,,,99,Schaefer2018_17Networks_LH_SalVentAttnA_FrMed_2
99,Schaefer2018_17Networks_LH_SalVentAttnA_FrMed_3,7,SalVentAttnA,100,17Networks_LH_SalVentAttnA_FrMed_3,-8,-2,70,lh_17Networks_LH_SalVentAttnA_FrMed_3,SalVentAttnA_FrMed_3,X17Networks_LH_SalVentAttnA_FrMed_3,,,,100,Schaefer2018_17Networks_LH_SalVentAttnA_FrMed_3
100,Schaefer2018_17Networks_LH_SalVentAttnB_PFCl_1,8,SalVentAttnB,101,17Networks_LH_SalVentAttnB_PFCl_1,-38,50,10,lh_17Networks_LH_SalVentAttnB_PFCl_1,SalVentAttnB_PFCl_1,X17Networks_LH_SalVentAttnB_PFCl_1,,,,101,Schaefer2018_17Networks_LH_SalVentAttnB_PFCl_1
101,Schaefer2018_17Networks_LH_SalVentAttnB_PFCl_2,8,SalVentAttnB,102,17Networks_LH_SalVentAttnB_PFCl_2,-28,44,30,lh_17Networks_LH_SalVentAttnB_PFCl_2,SalVentAttnB_PFCl_2,X17Networks_LH_SalVentAttnB_PFCl_2,,,,102,Schaefer2018_17Networks_LH_SalVentAttnB_PFCl_2
102,Schaefer2018_17Networks_LH_SalVentAttnB_PFCl_3,8,SalVentAttnB,103,17Networks_LH_SalVentAttnB_PFCl_3,-36,32,38,lh_17Networks_LH_SalVentAttnB_PFCl_3,SalVentAttnB_PFCl_3,X17Networks_LH_SalVentAttnB_PFCl_3,,,,103,Schaefer2018_17Networks_LH_SalVentAttnB_PFCl_3
103,Schaefer2018_17Networks_LH_SalVentAttnB_PFCv_1,8,SalVentAttnB,104,17Networks_LH_SalVentAttnB_Ins_1,-34,16,-8,lh_17Networks_LH_SalVentAttnB_Ins_1,SalVentAttnB_Ins_1,X17Networks_LH_SalVentAttnB_Ins_1,,,,104,Schaefer2018_17Networks_LH_SalVentAttnB_PFCv_1
104,Schaefer2018_17Networks_LH_SalVentAttnB_PFCv_2,8,SalVentAttnB,105,17Networks_LH_SalVentAttnB_Ins_2,-32,24,0,lh_17Networks_LH_SalVentAttnB_Ins_2,SalVentAttnB_Ins_2,X17Networks_LH_SalVentAttnB_Ins_2,,,,105,Schaefer2018_17Networks_LH_SalVentAttnB_PFCv_2
105,Schaefer2018_17Networks_LH_SalVentAttnB_PFCv_3,8,SalVentAttnB,106,17Networks_LH_SalVentAttnB_Ins_3,-44,12,2,lh_17Networks_LH_SalVentAttnB_Ins_3,SalVentAttnB_Ins_3,X17Networks_LH_SalVentAttnB_Ins_3,,,,106,Schaefer2018_17Networks_LH_SalVentAttnB_PFCv_3
106,Schaefer2018_17Networks_LH_SalVentAttnB_OFC_1,8,SalVentAttnB,107,17Networks_LH_SalVentAttnB_OFC_1,-26,50,-14,lh_17Networks_LH_SalVentAttnB_OFC_1,SalVentAttnB_OFC_1,X17Networks_LH_SalVentAttnB_OFC_1,,,,107,Schaefer2018_17Networks_LH_SalVentAttnB_OFC_1
107,Schaefer2018_17Networks_LH_SalVentAttnB_PFCmp_1,8,SalVentAttnB,108,17Networks_LH_SalVentAttnB_PFCmp_1,-6,22,32,lh_17Networks_LH_SalVentAttnB_PFCmp_1,SalVentAttnB_PFCmp_1,X17Networks_LH_SalVentAttnB_PFCmp_1,,,,108,Schaefer2018_17Networks_LH_SalVentAttnB_PFCmp_1
108,Schaefer2018_17Networks_LH_Limbic_OFC_1,9,LimbicB,109,17Networks_LH_LimbicB_OFC_1,-12,24,-20,lh_17Networks_LH_LimbicB_OFC_1,LimbicB_OFC_1,X17Networks_LH_LimbicB_OFC_1,,,,109,Schaefer2018_17Networks_LH_Limbic_OFC_1
109,Schaefer2018_17Networks_LH_Limbic_OFC_2,9,LimbicB,110,17Networks_LH_LimbicB_OFC_2,-24,22,-20,lh_17Networks_LH_LimbicB_OFC_2,LimbicB_OFC_2,X17Networks_LH_LimbicB_OFC_2,,,,110,Schaefer2018_17Networks_LH_Limbic_OFC_2
110,Schaefer2018_17Networks_LH_Limbic_OFC_3,9,LimbicB,111,17Networks_LH_LimbicB_OFC_3,-10,48,-22,lh_17Networks_LH_LimbicB_OFC_3,LimbicB_OFC_3,X17Networks_LH_LimbicB_OFC_3,,,,111,Schaefer2018_17Networks_LH_Limbic_OFC_3
111,Schaefer2018_17Networks_LH_Limbic_OFC_4,9,LimbicB,112,17Networks_LH_LimbicB_OFC_4,-4,24,-20,lh_17Networks_LH_LimbicB_OFC_4,LimbicB_OFC_4,X17Networks_LH_LimbicB_OFC_4,,,,112,Schaefer2018_17Networks_LH_Limbic_OFC_4
112,Schaefer2018_17Networks_LH_Limbic_OFC_5,9,LimbicB,113,17Networks_LH_LimbicB_OFC_5,-16,64,-8,lh_17Networks_LH_LimbicB_OFC_5,LimbicB_OFC_5,X17Networks_LH_LimbicB_OFC_5,,,,113,Schaefer2018_17Networks_LH_Limbic_OFC_5
113,Schaefer2018_17Networks_LH_Limbic_TempPole_1,9,LimbicA,114,17Networks_LH_LimbicA_TempPole_1,-38,-6,-42,lh_17Networks_LH_LimbicA_TempPole_1,LimbicA_TempPole_1,X17Networks_LH_LimbicA_TempPole_1,,,,114,Schaefer2018_17Networks_LH_Limbic_TempPole_1
114,Schaefer2018_17Networks_LH_Limbic_TempPole_2,10,LimbicA,115,17Networks_LH_LimbicA_TempPole_2,-24,6,-40,lh_17Networks_LH_LimbicA_TempPole_2,LimbicA_TempPole_2,X17Networks_LH_LimbicA_TempPole_2,,,,115,Schaefer2018_17Networks_LH_Limbic_TempPole_2
115,Schaefer2018_17Networks_LH_Limbic_TempPole_3,10,LimbicA,116,17Networks_LH_LimbicA_TempPole_3,-26,-10,-32,lh_17Networks_LH_LimbicA_TempPole_3,LimbicA_TempPole_3,X17Networks_LH_LimbicA_TempPole_3,,,,116,Schaefer2018_17Networks_LH_Limbic_TempPole_3
116,Schaefer2018_17Networks_LH_Limbic_TempPole_4,10,LimbicA,117,17Networks_LH_LimbicA_TempPole_4,-54,-22,-30,lh_17Networks_LH_LimbicA_TempPole_4,LimbicA_TempPole_4,X17Networks_LH_LimbicA_TempPole_4,,,,117,Schaefer2018_17Networks_LH_Limbic_TempPole_4
117,Schaefer2018_17Networks_LH_Limbic_TempPole_5,10,LimbicA,118,17Networks_LH_LimbicA_TempPole_5,-40,-22,-26,lh_17Networks_LH_LimbicA_TempPole_5,LimbicA_TempPole_5,X17Networks_LH_LimbicA_TempPole_5,,,,118,Schaefer2018_17Networks_LH_Limbic_TempPole_5
118,Schaefer2018_17Networks_LH_Limbic_TempPole_6,10,LimbicA,119,17Networks_LH_LimbicA_TempPole_6,-32,12,-30,lh_17Networks_LH_LimbicA_TempPole_6,LimbicA_TempPole_6,X17Networks_LH_LimbicA_TempPole_6,,,,119,Schaefer2018_17Networks_LH_Limbic_TempPole_6
119,Schaefer2018_17Networks_LH_Limbic_TempPole_7,10,LimbicA,120,17Networks_LH_LimbicA_TempPole_7,-44,6,-16,lh_17Networks_LH_LimbicA_TempPole_7,LimbicA_TempPole_7,X17Networks_LH_LimbicA_TempPole_7,,,,120,Schaefer2018_17Networks_LH_Limbic_TempPole_7
120,Schaefer2018_17Networks_LH_ContA_Temp_1,11,ContA,121,17Networks_LH_ContA_Temp_1,-56,-62,0,lh_17Networks_LH_ContA_Temp_1,ContA_Temp_1,X17Networks_LH_ContA_Temp_1,,,,121,Schaefer2018_17Networks_LH_ContA_Temp_1
121,Schaefer2018_17Networks_LH_ContA_IPS_1,11,ContA,122,17Networks_LH_ContA_IPS_1,-28,-74,42,lh_17Networks_LH_ContA_IPS_1,ContA_IPS_1,X17Networks_LH_ContA_IPS_1,,,,122,Schaefer2018_17Networks_LH_ContA_IPS_1
122,Schaefer2018_17Networks_LH_ContA_IPS_2,11,ContA,123,17Networks_LH_ContA_IPS_2,-58,-42,46,lh_17Networks_LH_ContA_IPS_2,ContA_IPS_2,X17Networks_LH_ContA_IPS_2,,,,123,Schaefer2018_17Networks_LH_ContA_IPS_2
123,Schaefer2018_17Networks_LH_ContA_IPS_3,11,ContA,124,17Networks_LH_ContA_IPS_3,-34,-62,48,lh_17Networks_LH_ContA_IPS_3,ContA_IPS_3,X17Networks_LH_ContA_IPS_3,,,,124,Schaefer2018_17Networks_LH_ContA_IPS_3
124,Schaefer2018_17Networks_LH_ContA_IPS_4,11,ContA,125,17Networks_LH_ContA_IPS_4,-44,-42,46,lh_17Networks_LH_ContA_IPS_4,ContA_IPS_4,X17Networks_LH_ContA_IPS_4,,,,125,Schaefer2018_17Networks_LH_ContA_IPS_4
125,Schaefer2018_17Networks_LH_ContA_IPS_5,11,ContA,126,17Networks_LH_ContA_IPS_5,-34,-46,40,lh_17Networks_LH_ContA_IPS_5,ContA_IPS_5,X17Networks_LH_ContA_IPS_5,,,,126,Schaefer2018_17Networks_LH_ContA_IPS_5
126,Schaefer2018_17Networks_LH_ContA_PFCd_1,11,ContA,127,17Networks_LH_ContA_PFCd_1,-22,6,64,lh_17Networks_LH_ContA_PFCd_1,ContA_PFCd_1,X17Networks_LH_ContA_PFCd_1,,,,127,Schaefer2018_17Networks_LH_ContA_PFCd_1
127,Schaefer2018_17Networks_LH_ContA_PFCl_1,11,ContA,128,17Networks_LH_ContA_PFClv_1,-48,36,10,lh_17Networks_LH_ContA_PFClv_1,ContA_PFClv_1,X17Networks_LH_ContA_PFClv_1,,,,128,Schaefer2018_17Networks_LH_ContA_PFCl_1
128,Schaefer2018_17Networks_LH_ContA_PFCl_2,11,ContA,129,17Networks_LH_ContA_PFClv_2,-42,38,22,lh_17Networks_LH_ContA_PFClv_2,ContA_PFClv_2,X17Networks_LH_ContA_PFClv_2,,,,129,Schaefer2018_17Networks_LH_ContA_PFCl_2
129,Schaefer2018_17Networks_LH_ContA_PFCl_3,11,ContA,130,17Networks_LH_ContA_PFCl_1,-50,6,26,lh_17Networks_LH_ContA_PFCl_1,ContA_PFCl_1,X17Networks_LH_ContA_PFCl_1,,,,130,Schaefer2018_17Networks_LH_ContA_PFCl_3
130,Schaefer2018_17Networks_LH_ContA_PFCl_4,11,ContA,131,17Networks_LH_ContA_PFCl_2,-44,20,26,lh_17Networks_LH_ContA_PFCl_2,ContA_PFCl_2,X17Networks_LH_ContA_PFCl_2,,,,131,Schaefer2018_17Networks_LH_ContA_PFCl_4
131,Schaefer2018_17Networks_LH_ContA_PFCl_5,11,ContA,132,17Networks_LH_ContA_PFCl_3,-40,8,34,lh_17Networks_LH_ContA_PFCl_3,ContA_PFCl_3,X17Networks_LH_ContA_PFCl_3,,,,132,Schaefer2018_17Networks_LH_ContA_PFCl_5
132,Schaefer2018_17Networks_LH_ContA_Cinga_1,11,ContA,133,17Networks_LH_ContA_Cingm_1,-4,6,28,lh_17Networks_LH_ContA_Cingm_1,ContA_Cingm_1,X17Networks_LH_ContA_Cingm_1,,,,133,Schaefer2018_17Networks_LH_ContA_Cinga_1
133,Schaefer2018_17Networks_LH_ContB_Temp_1,12,ContB,134,17Networks_LH_ContB_Temp_1,-60,-36,-18,lh_17Networks_LH_ContB_Temp_1,ContB_Temp_1,X17Networks_LH_ContB_Temp_1,,,,134,Schaefer2018_17Networks_LH_ContB_Temp_1
134,Schaefer2018_17Networks_LH_ContB_Temp_2,12,ContB,135,17Networks_LH_ContB_Temp_2,-60,-48,-10,lh_17Networks_LH_ContB_Temp_2,ContB_Temp_2,X17Networks_LH_ContB_Temp_2,,,,135,Schaefer2018_17Networks_LH_ContB_Temp_2
135,Schaefer2018_17Networks_LH_ContB_IPL_1,12,ContB,136,17Networks_LH_ContB_IPL_1,-48,-60,46,lh_17Networks_LH_ContB_IPL_1,ContB_IPL_1,X17Networks_LH_ContB_IPL_1,,,,136,Schaefer2018_17Networks_LH_ContB_IPL_1
136,Schaefer2018_17Networks_LH_ContB_IPL_2,12,ContB,137,17Networks_LH_ContB_IPL_2,-54,-50,44,lh_17Networks_LH_ContB_IPL_2,ContB_IPL_2,X17Networks_LH_ContB_IPL_2,,,,137,Schaefer2018_17Networks_LH_ContB_IPL_2
137,Schaefer2018_17Networks_LH_ContB_IPL_3,12,ContB,138,17Networks_LH_ContB_IPL_3,-42,-52,48,lh_17Networks_LH_ContB_IPL_3,ContB_IPL_3,X17Networks_LH_ContB_IPL_3,,,,138,Schaefer2018_17Networks_LH_ContB_IPL_3
138,Schaefer2018_17Networks_LH_ContB_PFCd_1,12,ContB,139,17Networks_LH_ContB_PFCd_1,-30,14,58,lh_17Networks_LH_ContB_PFCd_1,ContB_PFCd_1,X17Networks_LH_ContB_PFCd_1,,,,139,Schaefer2018_17Networks_LH_ContB_PFCd_1
139,Schaefer2018_17Networks_LH_ContB_PFClv_1,12,ContB,140,17Networks_LH_ContB_PFClv_1,-42,48,-6,lh_17Networks_LH_ContB_PFClv_1,ContB_PFClv_1,X17Networks_LH_ContB_PFClv_1,,,,140,Schaefer2018_17Networks_LH_ContB_PFClv_1
140,Schaefer2018_17Networks_LH_ContB_PFClv_2,12,ContB,141,17Networks_LH_ContB_PFClv_2,-28,58,0,lh_17Networks_LH_ContB_PFClv_2,ContB_PFClv_2,X17Networks_LH_ContB_PFClv_2,,,,141,Schaefer2018_17Networks_LH_ContB_PFClv_2
141,Schaefer2018_17Networks_LH_ContB_PFClv_3,12,ContB,142,17Networks_LH_ContB_PFClv_3,-28,56,12,lh_17Networks_LH_ContB_PFClv_3,ContB_PFClv_3,X17Networks_LH_ContB_PFClv_3,,,,142,Schaefer2018_17Networks_LH_ContB_PFClv_3
142,Schaefer2018_17Networks_LH_ContB_PFCmp_1,12,ContB,143,17Networks_LH_ContB_PFCmp_1,-4,28,48,lh_17Networks_LH_ContB_PFCmp_1,ContB_PFCmp_1,X17Networks_LH_ContB_PFCmp_1,,,,143,Schaefer2018_17Networks_LH_ContB_PFCmp_1
143,Schaefer2018_17Networks_LH_ContC_pCun_1,13,ContC,144,17Networks_LH_ContC_pCun_1,-10,-70,32,lh_17Networks_LH_ContC_pCun_1,ContC_pCun_1,X17Networks_LH_ContC_pCun_1,,,,144,Schaefer2018_17Networks_LH_ContC_pCun_1
144,Schaefer2018_17Networks_LH_ContC_pCun_2,13,ContC,145,17Networks_LH_ContC_pCun_2,-10,-78,46,lh_17Networks_LH_ContC_pCun_2,ContC_pCun_2,X17Networks_LH_ContC_pCun_2,,,,145,Schaefer2018_17Networks_LH_ContC_pCun_2
145,Schaefer2018_17Networks_LH_ContC_pCun_3,13,ContC,146,17Networks_LH_ContC_pCun_3,-4,-64,52,lh_17Networks_LH_ContC_pCun_3,ContC_pCun_3,X17Networks_LH_ContC_pCun_3,,,,146,Schaefer2018_17Networks_LH_ContC_pCun_3
146,Schaefer2018_17Networks_LH_ContC_Cingp_1,13,ContC,147,17Networks_LH_ContC_Cingp_1,-6,-40,24,lh_17Networks_LH_ContC_Cingp_1,ContC_Cingp_1,X17Networks_LH_ContC_Cingp_1,,,,147,Schaefer2018_17Networks_LH_ContC_Cingp_1
147,Schaefer2018_17Networks_LH_ContC_Cingp_2,13,ContC,148,17Networks_LH_ContC_Cingp_2,-4,-22,30,lh_17Networks_LH_ContC_Cingp_2,ContC_Cingp_2,X17Networks_LH_ContC_Cingp_2,,,,148,Schaefer2018_17Networks_LH_ContC_Cingp_2
148,Schaefer2018_17Networks_LH_DefaultA_IPL_1,14,DefaultA,149,17Networks_LH_DefaultA_IPL_1,-48,-64,32,lh_17Networks_LH_DefaultA_IPL_1,DefaultA_IPL_1,X17Networks_LH_DefaultA_IPL_1,,,,149,Schaefer2018_17Networks_LH_DefaultA_IPL_1
149,Schaefer2018_17Networks_LH_DefaultA_IPL_2,14,DefaultA,150,17Networks_LH_DefaultA_IPL_2,-42,-72,44,lh_17Networks_LH_DefaultA_IPL_2,DefaultA_IPL_2,X17Networks_LH_DefaultA_IPL_2,,,,150,Schaefer2018_17Networks_LH_DefaultA_IPL_2
150,Schaefer2018_17Networks_LH_DefaultA_PFCd_1,14,DefaultA,151,17Networks_LH_DefaultA_PFCd_1,-24,28,44,lh_17Networks_LH_DefaultA_PFCd_1,DefaultA_PFCd_1,X17Networks_LH_DefaultA_PFCd_1,,,,151,Schaefer2018_17Networks_LH_DefaultA_PFCd_1
151,Schaefer2018_17Networks_LH_DefaultA_PFCd_2,14,DefaultA,152,17Networks_LH_DefaultA_PFCd_2,-18,36,48,lh_17Networks_LH_DefaultA_PFCd_2,DefaultA_PFCd_2,X17Networks_LH_DefaultA_PFCd_2,,,,152,Schaefer2018_17Networks_LH_DefaultA_PFCd_2
152,Schaefer2018_17Networks_LH_DefaultA_PFCd_3,14,DefaultA,153,17Networks_LH_DefaultA_PFCd_3,-22,20,52,lh_17Networks_LH_DefaultA_PFCd_3,DefaultA_PFCd_3,X17Networks_LH_DefaultA_PFCd_3,,,,153,Schaefer2018_17Networks_LH_DefaultA_PFCd_3
153,Schaefer2018_17Networks_LH_DefaultA_PCC_1,14,DefaultA,154,17Networks_LH_DefaultA_pCunPCC_1,-4,-54,20,lh_17Networks_LH_DefaultA_pCunPCC_1,DefaultA_pCunPCC_1,X17Networks_LH_DefaultA_pCunPCC_1,,,,154,Schaefer2018_17Networks_LH_DefaultA_PCC_1
154,Schaefer2018_17Networks_LH_DefaultA_PCC_2,14,DefaultA,155,17Networks_LH_DefaultA_pCunPCC_2,-6,-60,30,lh_17Networks_LH_DefaultA_pCunPCC_2,DefaultA_pCunPCC_2,X17Networks_LH_DefaultA_pCunPCC_2,,,,155,Schaefer2018_17Networks_LH_DefaultA_PCC_2
155,Schaefer2018_17Networks_LH_DefaultA_PCC_3,14,DefaultA,156,17Networks_LH_DefaultA_pCunPCC_3,-8,-44,32,lh_17Networks_LH_DefaultA_pCunPCC_3,DefaultA_pCunPCC_3,X17Networks_LH_DefaultA_pCunPCC_3,,,,156,Schaefer2018_17Networks_LH_DefaultA_PCC_3
156,Schaefer2018_17Networks_LH_DefaultA_PCC_4,14,DefaultA,157,17Networks_LH_DefaultA_pCunPCC_4,-4,-34,38,lh_17Networks_LH_DefaultA_pCunPCC_4,DefaultA_pCunPCC_4,X17Networks_LH_DefaultA_pCunPCC_4,,,,157,Schaefer2018_17Networks_LH_DefaultA_PCC_4
157,Schaefer2018_17Networks_LH_DefaultA_PCC_5,14,DefaultA,158,17Networks_LH_DefaultA_pCunPCC_5,-2,-16,38,lh_17Networks_LH_DefaultA_pCunPCC_5,DefaultA_pCunPCC_5,X17Networks_LH_DefaultA_pCunPCC_5,,,,158,Schaefer2018_17Networks_LH_DefaultA_PCC_5
158,Schaefer2018_17Networks_LH_DefaultA_PCC_6,14,DefaultA,159,17Networks_LH_DefaultA_pCunPCC_6,-2,-68,42,lh_17Networks_LH_DefaultA_pCunPCC_6,DefaultA_pCunPCC_6,X17Networks_LH_DefaultA_pCunPCC_6,,,,159,Schaefer2018_17Networks_LH_DefaultA_PCC_6
159,Schaefer2018_17Networks_LH_DefaultA_PCC_7,14,DefaultA,160,17Networks_LH_DefaultA_pCunPCC_7,-6,-50,42,lh_17Networks_LH_DefaultA_pCunPCC_7,DefaultA_pCunPCC_7,X17Networks_LH_DefaultA_pCunPCC_7,,,,160,Schaefer2018_17Networks_LH_DefaultA_PCC_7
160,Schaefer2018_17Networks_LH_DefaultA_PFCm_1,14,DefaultA,161,17Networks_LH_DefaultA_PFCm_1,-4,56,-10,lh_17Networks_LH_DefaultA_PFCm_1,DefaultA_PFCm_1,X17Networks_LH_DefaultA_PFCm_1,,,,161,Schaefer2018_17Networks_LH_DefaultA_PFCm_1
161,Schaefer2018_17Networks_LH_DefaultA_PFCm_2,14,DefaultA,162,17Networks_LH_DefaultA_PFCm_2,-6,36,-8,lh_17Networks_LH_DefaultA_PFCm_2,DefaultA_PFCm_2,X17Networks_LH_DefaultA_PFCm_2,,,,162,Schaefer2018_17Networks_LH_DefaultA_PFCm_2
162,Schaefer2018_17Networks_LH_DefaultA_PFCm_3,14,DefaultA,163,17Networks_LH_DefaultA_PFCm_3,-6,60,6,lh_17Networks_LH_DefaultA_PFCm_3,DefaultA_PFCm_3,X17Networks_LH_DefaultA_PFCm_3,,,,163,Schaefer2018_17Networks_LH_DefaultA_PFCm_3
163,Schaefer2018_17Networks_LH_DefaultA_PFCm_4,14,DefaultA,164,17Networks_LH_DefaultA_PFCm_4,-6,44,6,lh_17Networks_LH_DefaultA_PFCm_4,DefaultA_PFCm_4,X17Networks_LH_DefaultA_PFCm_4,,,,164,Schaefer2018_17Networks_LH_DefaultA_PFCm_4
164,Schaefer2018_17Networks_LH_DefaultA_PFCm_5,14,DefaultA,165,17Networks_LH_DefaultA_PFCm_5,-16,68,8,lh_17Networks_LH_DefaultA_PFCm_5,DefaultA_PFCm_5,X17Networks_LH_DefaultA_PFCm_5,,,,165,Schaefer2018_17Networks_LH_DefaultA_PFCm_5
165,Schaefer2018_17Networks_LH_DefaultA_PFCm_6,14,DefaultA,166,17Networks_LH_DefaultA_PFCm_6,-6,34,20,lh_17Networks_LH_DefaultA_PFCm_6,DefaultA_PFCm_6,X17Networks_LH_DefaultA_PFCm_6,,,,166,Schaefer2018_17Networks_LH_DefaultA_PFCm_6
166,Schaefer2018_17Networks_LH_DefaultB_Temp_1,15,DefaultB,167,17Networks_LH_DefaultB_Temp_1,-44,12,-34,lh_17Networks_LH_DefaultB_Temp_1,DefaultB_Temp_1,X17Networks_LH_DefaultB_Temp_1,,,,167,Schaefer2018_17Networks_LH_DefaultB_Temp_1
167,Schaefer2018_17Networks_LH_DefaultB_Temp_2,15,DefaultB,168,17Networks_LH_DefaultB_Temp_2,-54,-2,-30,lh_17Networks_LH_DefaultB_Temp_2,DefaultB_Temp_2,X17Networks_LH_DefaultB_Temp_2,,,,168,Schaefer2018_17Networks_LH_DefaultB_Temp_2
168,Schaefer2018_17Networks_LH_DefaultB_Temp_3,15,DefaultB,169,17Networks_LH_DefaultB_Temp_3,-62,-18,-20,lh_17Networks_LH_DefaultB_Temp_3,DefaultB_Temp_3,X17Networks_LH_DefaultB_Temp_3,,,,169,Schaefer2018_17Networks_LH_DefaultB_Temp_3
169,Schaefer2018_17Networks_LH_DefaultB_Temp_4,15,DefaultB,170,17Networks_LH_DefaultB_Temp_4,-56,-8,-14,lh_17Networks_LH_DefaultB_Temp_4,DefaultB_Temp_4,X17Networks_LH_DefaultB_Temp_4,,,,170,Schaefer2018_17Networks_LH_DefaultB_Temp_4
170,Schaefer2018_17Networks_LH_DefaultB_Temp_5,15,DefaultB,171,17Networks_LH_DefaultB_Temp_5,-60,-34,-4,lh_17Networks_LH_DefaultB_Temp_5,DefaultB_Temp_5,X17Networks_LH_DefaultB_Temp_5,,,,171,Schaefer2018_17Networks_LH_DefaultB_Temp_5
171,Schaefer2018_17Networks_LH_DefaultB_Temp_6,15,DefaultB,172,17Networks_LH_DefaultB_Temp_6,-52,-22,-6,lh_17Networks_LH_DefaultB_Temp_6,DefaultB_Temp_6,X17Networks_LH_DefaultB_Temp_6,,,,172,Schaefer2018_17Networks_LH_DefaultB_Temp_6
172,Schaefer2018_17Networks_LH_DefaultB_IPL_1,15,DefaultB,173,17Networks_LH_DefaultB_IPL_1,-46,-58,20,lh_17Networks_LH_DefaultB_IPL_1,DefaultB_IPL_1,X17Networks_LH_DefaultB_IPL_1,,,,173,Schaefer2018_17Networks_LH_DefaultB_IPL_1
173,Schaefer2018_17Networks_LH_DefaultB_IPL_2,15,DefaultB,174,17Networks_LH_DefaultB_IPL_2,-56,-54,30,lh_17Networks_LH_DefaultB_IPL_2,DefaultB_IPL_2,X17Networks_LH_DefaultB_IPL_2,,,,174,Schaefer2018_17Networks_LH_DefaultB_IPL_2
174,Schaefer2018_17Networks_LH_DefaultB_PFCd_1,15,DefaultB,175,17Networks_LH_DefaultB_PFCd_1,-4,52,28,lh_17Networks_LH_DefaultB_PFCd_1,DefaultB_PFCd_1,X17Networks_LH_DefaultB_PFCd_1,,,,175,Schaefer2018_17Networks_LH_DefaultB_PFCd_1
175,Schaefer2018_17Networks_LH_DefaultB_PFCd_2,15,DefaultB,176,17Networks_LH_DefaultB_PFCd_2,-14,58,30,lh_17Networks_LH_DefaultB_PFCd_2,DefaultB_PFCd_2,X17Networks_LH_DefaultB_PFCd_2,,,,176,Schaefer2018_17Networks_LH_DefaultB_PFCd_2
176,Schaefer2018_17Networks_LH_DefaultB_PFCd_3,15,DefaultB,177,17Networks_LH_DefaultB_PFCd_3,-22,50,32,lh_17Networks_LH_DefaultB_PFCd_3,DefaultB_PFCd_3,X17Networks_LH_DefaultB_PFCd_3,,,,177,Schaefer2018_17Networks_LH_DefaultB_PFCd_3
177,Schaefer2018_17Networks_LH_DefaultB_PFCd_4,15,DefaultB,178,17Networks_LH_DefaultB_PFCd_4,-8,42,52,lh_17Networks_LH_DefaultB_PFCd_4,DefaultB_PFCd_4,X17Networks_LH_DefaultB_PFCd_4,,,,178,Schaefer2018_17Networks_LH_DefaultB_PFCd_4
178,Schaefer2018_17Networks_LH_DefaultB_PFCd_5,15,DefaultB,179,17Networks_LH_DefaultB_PFCd_5,-12,24,60,lh_17Networks_LH_DefaultB_PFCd_5,DefaultB_PFCd_5,X17Networks_LH_DefaultB_PFCd_5,,,,179,Schaefer2018_17Networks_LH_DefaultB_PFCd_5
179,Schaefer2018_17Networks_LH_DefaultB_PFCd_6,15,DefaultB,180,17Networks_LH_DefaultB_PFCd_6,-6,10,64,lh_17Networks_LH_DefaultB_PFCd_6,DefaultB_PFCd_6,X17Networks_LH_DefaultB_PFCd_6,,,,180,Schaefer2018_17Networks_LH_DefaultB_PFCd_6
180,Schaefer2018_17Networks_LH_DefaultB_PFCl_1,15,DefaultB,181,17Networks_LH_DefaultB_PFCl_1,-40,20,48,lh_17Networks_LH_DefaultB_PFCl_1,DefaultB_PFCl_1,X17Networks_LH_DefaultB_PFCl_1,,,,181,Schaefer2018_17Networks_LH_DefaultB_PFCl_1
181,Schaefer2018_17Networks_LH_DefaultB_PFCl_2,15,DefaultB,182,17Networks_LH_DefaultB_PFCl_2,-42,8,48,lh_17Networks_LH_DefaultB_PFCl_2,DefaultB_PFCl_2,X17Networks_LH_DefaultB_PFCl_2,,,,182,Schaefer2018_17Networks_LH_DefaultB_PFCl_2
182,Schaefer2018_17Networks_LH_DefaultB_PFCv_1,15,DefaultB,183,17Networks_LH_DefaultB_PFCv_1,-36,22,-16,lh_17Networks_LH_DefaultB_PFCv_1,DefaultB_PFCv_1,X17Networks_LH_DefaultB_PFCv_1,,,,183,Schaefer2018_17Networks_LH_DefaultB_PFCv_1
183,Schaefer2018_17Networks_LH_DefaultB_PFCv_2,15,DefaultB,184,17Networks_LH_DefaultB_PFCv_2,-36,36,-12,lh_17Networks_LH_DefaultB_PFCv_2,DefaultB_PFCv_2,X17Networks_LH_DefaultB_PFCv_2,,,,184,Schaefer2018_17Networks_LH_DefaultB_PFCv_2
184,Schaefer2018_17Networks_LH_DefaultB_PFCv_3,15,DefaultB,185,17Networks_LH_DefaultB_PFCv_3,-46,32,-10,lh_17Networks_LH_DefaultB_PFCv_3,DefaultB_PFCv_3,X17Networks_LH_DefaultB_PFCv_3,,,,185,Schaefer2018_17Networks_LH_DefaultB_PFCv_3
185,Schaefer2018_17Networks_LH_DefaultB_PFCv_4,15,DefaultB,186,17Networks_LH_DefaultB_PFCv_4,-48,28,0,lh_17Networks_LH_DefaultB_PFCv_4,DefaultB_PFCv_4,X17Networks_LH_DefaultB_PFCv_4,,,,186,Schaefer2018_17Networks_LH_DefaultB_PFCv_4
186,Schaefer2018_17Networks_LH_DefaultB_PFCv_5,15,DefaultB,187,17Networks_LH_DefaultB_PFCv_5,-54,20,12,lh_17Networks_LH_DefaultB_PFCv_5,DefaultB_PFCv_5,X17Networks_LH_DefaultB_PFCv_5,,,,187,Schaefer2018_17Networks_LH_DefaultB_PFCv_5
187,Schaefer2018_17Networks_LH_DefaultC_IPL_1,16,DefaultC,188,17Networks_LH_DefaultC_IPL_1,-40,-78,30,lh_17Networks_LH_DefaultC_IPL_1,DefaultC_IPL_1,X17Networks_LH_DefaultC_IPL_1,,,,188,Schaefer2018_17Networks_LH_DefaultC_IPL_1
188,Schaefer2018_17Networks_LH_DefaultC_Rsp_1,16,DefaultC,189,17Networks_LH_DefaultC_Rsp_1,-14,-48,4,lh_17Networks_LH_DefaultC_Rsp_1,DefaultC_Rsp_1,X17Networks_LH_DefaultC_Rsp_1,,,,189,Schaefer2018_17Networks_LH_DefaultC_Rsp_1
189,Schaefer2018_17Networks_LH_DefaultC_Rsp_2,16,DefaultC,190,17Networks_LH_DefaultC_Rsp_2,-8,-52,10,lh_17Networks_LH_DefaultC_Rsp_2,DefaultC_Rsp_2,X17Networks_LH_DefaultC_Rsp_2,,,,190,Schaefer2018_17Networks_LH_DefaultC_Rsp_2
190,Schaefer2018_17Networks_LH_DefaultC_Rsp_3,16,DefaultC,191,17Networks_LH_DefaultC_Rsp_3,-14,-60,18,lh_17Networks_LH_DefaultC_Rsp_3,DefaultC_Rsp_3,X17Networks_LH_DefaultC_Rsp_3,,,,191,Schaefer2018_17Networks_LH_DefaultC_Rsp_3
191,Schaefer2018_17Networks_LH_DefaultC_PHC_1,16,DefaultC,192,17Networks_LH_DefaultC_PHC_1,-20,-20,-26,lh_17Networks_LH_DefaultC_PHC_1,DefaultC_PHC_1,X17Networks_LH_DefaultC_PHC_1,,,,192,Schaefer2018_17Networks_LH_DefaultC_PHC_1
192,Schaefer2018_17Networks_LH_DefaultC_PHC_2,16,DefaultC,193,17Networks_LH_DefaultC_PHC_2,-30,-32,-18,lh_17Networks_LH_DefaultC_PHC_2,DefaultC_PHC_2,X17Networks_LH_DefaultC_PHC_2,,,,193,Schaefer2018_17Networks_LH_DefaultC_PHC_2
193,Schaefer2018_17Networks_LH_DefaultC_PHC_3,16,DefaultC,194,17Networks_LH_DefaultC_PHC_3,-18,-38,-12,lh_17Networks_LH_DefaultC_PHC_3,DefaultC_PHC_3,X17Networks_LH_DefaultC_PHC_3,,,,194,Schaefer2018_17Networks_LH_DefaultC_PHC_3
194,Schaefer2018_17Networks_LH_TempPar_1,17,TempPar,195,17Networks_LH_TempPar_1,-52,6,-12,lh_17Networks_LH_TempPar_1,TempPar_1,X17Networks_LH_TempPar_1,,,,195,Schaefer2018_17Networks_LH_TempPar_1
195,Schaefer2018_17Networks_LH_TempPar_2,17,TempPar,196,17Networks_LH_TempPar_2,-60,-12,-2,lh_17Networks_LH_TempPar_2,TempPar_2,X17Networks_LH_TempPar_2,,,,196,Schaefer2018_17Networks_LH_TempPar_2
196,Schaefer2018_17Networks_LH_TempPar_3,17,TempPar,197,17Networks_LH_TempPar_3,-62,-32,6,lh_17Networks_LH_TempPar_3,TempPar_3,X17Networks_LH_TempPar_3,,,,197,Schaefer2018_17Networks_LH_TempPar_3
197,Schaefer2018_17Networks_LH_TempPar_4,17,TempPar,198,17Networks_LH_TempPar_4,-52,-44,4,lh_17Networks_LH_TempPar_4,TempPar_4,X17Networks_LH_TempPar_4,,,,198,Schaefer2018_17Networks_LH_TempPar_4
198,Schaefer2018_17Networks_LH_TempPar_5,17,TempPar,199,17Networks_LH_TempPar_5,-58,-54,10,lh_17Networks_LH_TempPar_5,TempPar_5,X17Networks_LH_TempPar_5,,,,199,Schaefer2018_17Networks_LH_TempPar_5
199,Schaefer2018_17Networks_LH_TempPar_6,17,TempPar,200,17Networks_LH_TempPar_6,-58,-48,16,lh_17Networks_LH_TempPar_6,TempPar_6,X17Networks_LH_TempPar_6,,,,200,Schaefer2018_17Networks_LH_TempPar_6
200,Schaefer2018_17Networks_RH_VisCent_ExStr_1,1,VisCent,201,17Networks_RH_VisCent_ExStr_1,36,-54,-18,rh_17Networks_RH_VisCent_ExStr_1,VisCent_ExStr_1,X17Networks_RH_VisCent_ExStr_1,,,,201,Schaefer2018_17Networks_RH_VisCent_ExStr_1
201,Schaefer2018_17Networks_RH_VisCent_ExStr_2,1,VisCent,202,17Networks_RH_VisCent_ExStr_2,38,-74,-16,rh_17Networks_RH_VisCent_ExStr_2,VisCent_ExStr_2,X17Networks_RH_VisCent_ExStr_2,,,,202,Schaefer2018_17Networks_RH_VisCent_ExStr_2
202,Schaefer2018_17Networks_RH_VisCent_ExStr_3,1,VisCent,203,17Networks_RH_VisCent_ExStr_3,24,-74,-10,rh_17Networks_RH_VisCent_ExStr_3,VisCent_ExStr_3,X17Networks_RH_VisCent_ExStr_3,,,,203,Schaefer2018_17Networks_RH_VisCent_ExStr_3
203,Schaefer2018_17Networks_RH_VisCent_ExStr_4,1,VisCent,204,17Networks_RH_VisCent_ExStr_4,20,-88,-12,rh_17Networks_RH_VisCent_ExStr_4,VisCent_ExStr_4,X17Networks_RH_VisCent_ExStr_4,,,,204,Schaefer2018_17Networks_RH_VisCent_ExStr_4
204,Schaefer2018_17Networks_RH_VisCent_ExStr_5,1,VisCent,205,17Networks_RH_VisCent_ExStr_5,42,-84,-12,rh_17Networks_RH_VisCent_ExStr_5,VisCent_ExStr_5,X17Networks_RH_VisCent_ExStr_5,,,,205,Schaefer2018_17Networks_RH_VisCent_ExStr_5
205,Schaefer2018_17Networks_RH_VisCent_ExStr_6,1,VisCent,206,17Networks_RH_VisCent_ExStr_6,26,-96,-10,rh_17Networks_RH_VisCent_ExStr_6,VisCent_ExStr_6,X17Networks_RH_VisCent_ExStr_6,,,,206,Schaefer2018_17Networks_RH_VisCent_ExStr_6
206,Schaefer2018_17Networks_RH_VisCent_ExStr_7,1,VisCent,207,17Networks_RH_VisCent_Striate_1,8,-92,-2,rh_17Networks_RH_VisCent_Striate_1,VisCent_Striate_1,X17Networks_RH_VisCent_Striate_1,,,,207,Schaefer2018_17Networks_RH_VisCent_ExStr_7
207,Schaefer2018_17Networks_RH_VisCent_ExStr_8,1,VisCent,208,17Networks_RH_VisCent_ExStr_7,36,-88,2,rh_17Networks_RH_VisCent_ExStr_7,VisCent_ExStr_7,X17Networks_RH_VisCent_ExStr_7,,,,208,Schaefer2018_17Networks_RH_VisCent_ExStr_8
208,Schaefer2018_17Networks_RH_VisCent_ExStr_9,1,VisCent,209,17Networks_RH_VisCent_ExStr_8,24,-98,8,rh_17Networks_RH_VisCent_ExStr_8,VisCent_ExStr_8,X17Networks_RH_VisCent_ExStr_8,,,,209,Schaefer2018_17Networks_RH_VisCent_ExStr_9
209,Schaefer2018_17Networks_RH_VisCent_ExStr_10,1,VisCent,210,17Networks_RH_VisCent_ExStr_9,44,-78,10,rh_17Networks_RH_VisCent_ExStr_9,VisCent_ExStr_9,X17Networks_RH_VisCent_ExStr_9,,,,210,Schaefer2018_17Networks_RH_VisCent_ExStr_10
210,Schaefer2018_17Networks_RH_VisCent_ExStr_11,1,VisCent,211,17Networks_RH_VisCent_ExStr_10,12,-94,18,rh_17Networks_RH_VisCent_ExStr_10,VisCent_ExStr_10,X17Networks_RH_VisCent_ExStr_10,,,,211,Schaefer2018_17Networks_RH_VisCent_ExStr_11
211,Schaefer2018_17Networks_RH_VisCent_ExStr_12,1,VisCent,212,17Networks_RH_VisCent_ExStr_11,28,-88,20,rh_17Networks_RH_VisCent_ExStr_11,VisCent_ExStr_11,X17Networks_RH_VisCent_ExStr_11,,,,212,Schaefer2018_17Networks_RH_VisCent_ExStr_12
212,Schaefer2018_17Networks_RH_VisPeri_ExStrSup_1,2,VisPeri,213,17Networks_RH_VisPeri_ExStrInf_1,26,-52,-8,rh_17Networks_RH_VisPeri_ExStrInf_1,VisPeri_ExStrInf_1,X17Networks_RH_VisPeri_ExStrInf_1,,,,213,Schaefer2018_17Networks_RH_VisPeri_ExStrSup_1
213,Schaefer2018_17Networks_RH_VisPeri_ExStrSup_2,2,VisPeri,214,17Networks_RH_VisPeri_ExStrInf_2,18,-36,-12,rh_17Networks_RH_VisPeri_ExStrInf_2,VisPeri_ExStrInf_2,X17Networks_RH_VisPeri_ExStrInf_2,,,,214,Schaefer2018_17Networks_RH_VisPeri_ExStrSup_2
214,Schaefer2018_17Networks_RH_VisPeri_ExStrSup_3,2,VisPeri,215,17Networks_RH_VisPeri_ExStrInf_3,10,-72,-6,rh_17Networks_RH_VisPeri_ExStrInf_3,VisPeri_ExStrInf_3,X17Networks_RH_VisPeri_ExStrInf_3,,,,215,Schaefer2018_17Networks_RH_VisPeri_ExStrSup_3
215,Schaefer2018_17Networks_RH_VisPeri_ExStrSup_4,2,VisPeri,216,17Networks_RH_VisPeri_ExStrInf_4,14,-58,-4,rh_17Networks_RH_VisPeri_ExStrInf_4,VisPeri_ExStrInf_4,X17Networks_RH_VisPeri_ExStrInf_4,,,,216,Schaefer2018_17Networks_RH_VisPeri_ExStrSup_4
216,Schaefer2018_17Networks_RH_VisPeri_ExStrSup_5,2,VisPeri,217,17Networks_RH_VisPeri_ExStrInf_5,18,-44,-2,rh_17Networks_RH_VisPeri_ExStrInf_5,VisPeri_ExStrInf_5,X17Networks_RH_VisPeri_ExStrInf_5,,,,217,Schaefer2018_17Networks_RH_VisPeri_ExStrSup_5
217,Schaefer2018_17Networks_RH_VisPeri_ExStrSup_6,2,VisPeri,218,17Networks_RH_VisPeri_StriCal_1,10,-74,8,rh_17Networks_RH_VisPeri_StriCal_1,VisPeri_StriCal_1,X17Networks_RH_VisPeri_StriCal_1,,,,218,Schaefer2018_17Networks_RH_VisPeri_ExStrSup_6
218,Schaefer2018_17Networks_RH_VisPeri_ExStrSup_7,2,VisPeri,219,17Networks_RH_VisPeri_StriCal_2,22,-60,6,rh_17Networks_RH_VisPeri_StriCal_2,VisPeri_StriCal_2,X17Networks_RH_VisPeri_StriCal_2,,,,219,Schaefer2018_17Networks_RH_VisPeri_ExStrSup_7
219,Schaefer2018_17Networks_RH_VisPeri_ExStrSup_8,2,VisPeri,220,17Networks_RH_VisPeri_ExStrSup_1,16,-66,18,rh_17Networks_RH_VisPeri_ExStrSup_1,VisPeri_ExStrSup_1,X17Networks_RH_VisPeri_ExStrSup_1,,,,220,Schaefer2018_17Networks_RH_VisPeri_ExStrSup_8
220,Schaefer2018_17Networks_RH_VisPeri_ExStrSup_9,2,VisPeri,221,17Networks_RH_VisPeri_ExStrSup_2,4,-80,24,rh_17Networks_RH_VisPeri_ExStrSup_2,VisPeri_ExStrSup_2,X17Networks_RH_VisPeri_ExStrSup_2,,,,221,Schaefer2018_17Networks_RH_VisPeri_ExStrSup_9
221,Schaefer2018_17Networks_RH_VisPeri_ExStrSup_10,2,VisPeri,222,17Networks_RH_VisPeri_ExStrSup_3,14,-78,34,rh_17Networks_RH_VisPeri_ExStrSup_3,VisPeri_ExStrSup_3,X17Networks_RH_VisPeri_ExStrSup_3,,,,222,Schaefer2018_17Networks_RH_VisPeri_ExStrSup_10
222,Schaefer2018_17Networks_RH_VisPeri_ExStrSup_11,2,VisPeri,223,17Networks_RH_VisPeri_ExStrSup_4,16,-86,36,rh_17Networks_RH_VisPeri_ExStrSup_4,VisPeri_ExStrSup_4,X17Networks_RH_VisPeri_ExStrSup_4,,,,223,Schaefer2018_17Networks_RH_VisPeri_ExStrSup_11
223,Schaefer2018_17Networks_RH_SomMotA_1,2,SomMotA,224,17Networks_RH_SomMotA_1,54,-16,40,rh_17Networks_RH_SomMotA_1,SomMotA_1,X17Networks_RH_SomMotA_1,,,,224,Schaefer2018_17Networks_RH_SomMotA_1
224,Schaefer2018_17Networks_RH_SomMotA_2,3,SomMotA,225,17Networks_RH_SomMotA_2,52,-12,50,rh_17Networks_RH_SomMotA_2,SomMotA_2,X17Networks_RH_SomMotA_2,,,,225,Schaefer2018_17Networks_RH_SomMotA_2
225,Schaefer2018_17Networks_RH_SomMotA_3,3,SomMotA,226,17Networks_RH_SomMotA_3,44,-10,48,rh_17Networks_RH_SomMotA_3,SomMotA_3,X17Networks_RH_SomMotA_3,,,,226,Schaefer2018_17Networks_RH_SomMotA_3
226,Schaefer2018_17Networks_RH_SomMotA_4,3,SomMotA,227,17Networks_RH_SomMotA_4,50,-26,56,rh_17Networks_RH_SomMotA_4,SomMotA_4,X17Networks_RH_SomMotA_4,,,,227,Schaefer2018_17Networks_RH_SomMotA_4
227,Schaefer2018_17Networks_RH_SomMotA_5,3,SomMotA,228,17Networks_RH_SomMotA_5,6,-10,52,rh_17Networks_RH_SomMotA_5,SomMotA_5,X17Networks_RH_SomMotA_5,,,,228,Schaefer2018_17Networks_RH_SomMotA_5
228,Schaefer2018_17Networks_RH_SomMotA_6,3,SomMotA,229,17Networks_RH_SomMotA_6,44,-22,54,rh_17Networks_RH_SomMotA_6,SomMotA_6,X17Networks_RH_SomMotA_6,,,,229,Schaefer2018_17Networks_RH_SomMotA_6
229,Schaefer2018_17Networks_RH_SomMotA_7,3,SomMotA,230,17Networks_RH_SomMotA_7,38,-20,64,rh_17Networks_RH_SomMotA_7,SomMotA_7,X17Networks_RH_SomMotA_7,,,,230,Schaefer2018_17Networks_RH_SomMotA_7
230,Schaefer2018_17Networks_RH_SomMotA_8,3,SomMotA,231,17Networks_RH_SomMotA_8,32,-34,64,rh_17Networks_RH_SomMotA_8,SomMotA_8,X17Networks_RH_SomMotA_8,,,,231,Schaefer2018_17Networks_RH_SomMotA_8
231,Schaefer2018_17Networks_RH_SomMotA_9,3,SomMotA,232,17Networks_RH_SomMotA_9,30,-40,64,rh_17Networks_RH_SomMotA_9,SomMotA_9,X17Networks_RH_SomMotA_9,,,,232,Schaefer2018_17Networks_RH_SomMotA_9
232,Schaefer2018_17Networks_RH_SomMotA_10,3,SomMotA,233,17Networks_RH_SomMotA_10,34,-28,62,rh_17Networks_RH_SomMotA_10,SomMotA_10,X17Networks_RH_SomMotA_10,,,,233,Schaefer2018_17Networks_RH_SomMotA_10
233,Schaefer2018_17Networks_RH_SomMotA_11,3,SomMotA,234,17Networks_RH_SomMotA_11,4,-24,58,rh_17Networks_RH_SomMotA_11,SomMotA_11,X17Networks_RH_SomMotA_11,,,,234,Schaefer2018_17Networks_RH_SomMotA_11
234,Schaefer2018_17Networks_RH_SomMotA_12,3,SomMotA,235,17Networks_RH_SomMotA_12,28,-10,64,rh_17Networks_RH_SomMotA_12,SomMotA_12,X17Networks_RH_SomMotA_12,,,,235,Schaefer2018_17Networks_RH_SomMotA_12
235,Schaefer2018_17Networks_RH_SomMotA_13,3,SomMotA,236,17Networks_RH_SomMotA_13,10,-40,68,rh_17Networks_RH_SomMotA_13,SomMotA_13,X17Networks_RH_SomMotA_13,,,,236,Schaefer2018_17Networks_RH_SomMotA_13
236,Schaefer2018_17Networks_RH_SomMotA_14,3,SomMotA,237,17Networks_RH_SomMotA_14,22,-24,66,rh_17Networks_RH_SomMotA_14,SomMotA_14,X17Networks_RH_SomMotA_14,,,,237,Schaefer2018_17Networks_RH_SomMotA_14
237,Schaefer2018_17Networks_RH_SomMotA_15,3,SomMotA,238,17Networks_RH_SomMotA_15,22,-28,68,rh_17Networks_RH_SomMotA_15,SomMotA_15,X17Networks_RH_SomMotA_15,,,,238,Schaefer2018_17Networks_RH_SomMotA_15
238,Schaefer2018_17Networks_RH_SomMotA_16,3,SomMotA,239,17Networks_RH_SomMotA_16,22,-34,70,rh_17Networks_RH_SomMotA_16,SomMotA_16,X17Networks_RH_SomMotA_16,,,,239,Schaefer2018_17Networks_RH_SomMotA_16
239,Schaefer2018_17Networks_RH_SomMotA_17,3,SomMotA,240,17Networks_RH_SomMotA_17,16,-6,70,rh_17Networks_RH_SomMotA_17,SomMotA_17,X17Networks_RH_SomMotA_17,,,,240,Schaefer2018_17Networks_RH_SomMotA_17
240,Schaefer2018_17Networks_RH_SomMotA_18,3,SomMotA,241,17Networks_RH_SomMotA_18,6,-22,72,rh_17Networks_RH_SomMotA_18,SomMotA_18,X17Networks_RH_SomMotA_18,,,,241,Schaefer2018_17Networks_RH_SomMotA_18
241,Schaefer2018_17Networks_RH_SomMotA_19,3,SomMotA,242,17Networks_RH_SomMotA_19,16,-18,74,rh_17Networks_RH_SomMotA_19,SomMotA_19,X17Networks_RH_SomMotA_19,,,,242,Schaefer2018_17Networks_RH_SomMotA_19
242,Schaefer2018_17Networks_RH_SomMotA_20,3,SomMotA,243,17Networks_RH_SomMotA_20,12,-32,76,rh_17Networks_RH_SomMotA_20,SomMotA_20,X17Networks_RH_SomMotA_20,,,,243,Schaefer2018_17Networks_RH_SomMotA_20
243,Schaefer2018_17Networks_RH_SomMotB_S2_1,4,SomMotB,244,17Networks_RH_SomMotB_Aud_1,52,4,-6,rh_17Networks_RH_SomMotB_Aud_1,SomMotB_Aud_1,X17Networks_RH_SomMotB_Aud_1,,,,244,Schaefer2018_17Networks_RH_SomMotB_S2_1
244,Schaefer2018_17Networks_RH_SomMotB_S2_2,4,SomMotB,245,17Networks_RH_SomMotB_Aud_2,54,-14,6,rh_17Networks_RH_SomMotB_Aud_2,SomMotB_Aud_2,X17Networks_RH_SomMotB_Aud_2,,,,245,Schaefer2018_17Networks_RH_SomMotB_S2_2
245,Schaefer2018_17Networks_RH_SomMotB_S2_3,4,SomMotB,246,17Networks_RH_SomMotB_Ins_1,40,-20,4,rh_17Networks_RH_SomMotB_Ins_1,SomMotB_Ins_1,X17Networks_RH_SomMotB_Ins_1,,,,246,Schaefer2018_17Networks_RH_SomMotB_S2_3
246,Schaefer2018_17Networks_RH_SomMotB_S2_4,4,SomMotB,247,17Networks_RH_SomMotB_S2_1,38,-8,14,rh_17Networks_RH_SomMotB_S2_1,SomMotB_S2_1,X17Networks_RH_SomMotB_S2_1,,,,247,Schaefer2018_17Networks_RH_SomMotB_S2_4
247,Schaefer2018_17Networks_RH_SomMotB_S2_5,4,SomMotB,248,17Networks_RH_SomMotB_S2_2,34,-22,14,rh_17Networks_RH_SomMotB_S2_2,SomMotB_S2_2,X17Networks_RH_SomMotB_S2_2,,,,248,Schaefer2018_17Networks_RH_SomMotB_S2_5
248,Schaefer2018_17Networks_RH_SomMotB_S2_6,4,SomMotB,249,17Networks_RH_SomMotB_Aud_3,60,-24,10,rh_17Networks_RH_SomMotB_Aud_3,SomMotB_Aud_3,X17Networks_RH_SomMotB_Aud_3,,,,249,Schaefer2018_17Networks_RH_SomMotB_S2_6
249,Schaefer2018_17Networks_RH_SomMotB_S2_7,4,SomMotB,250,17Networks_RH_SomMotB_S2_3,42,-14,18,rh_17Networks_RH_SomMotB_S2_3,SomMotB_S2_3,X17Networks_RH_SomMotB_S2_3,,,,250,Schaefer2018_17Networks_RH_SomMotB_S2_7
250,Schaefer2018_17Networks_RH_SomMotB_S2_8,4,SomMotB,251,17Networks_RH_SomMotB_S2_4,42,-30,18,rh_17Networks_RH_SomMotB_S2_4,SomMotB_S2_4,X17Networks_RH_SomMotB_S2_4,,,,251,Schaefer2018_17Networks_RH_SomMotB_S2_8
251,Schaefer2018_17Networks_RH_SomMotB_S2_9,4,SomMotB,252,17Networks_RH_SomMotB_S2_5,50,-10,14,rh_17Networks_RH_SomMotB_S2_5,SomMotB_S2_5,X17Networks_RH_SomMotB_S2_5,,,,252,Schaefer2018_17Networks_RH_SomMotB_S2_9
252,Schaefer2018_17Networks_RH_SomMotB_S2_10,4,SomMotB,253,17Networks_RH_SomMotB_S2_6,60,0,10,rh_17Networks_RH_SomMotB_S2_6,SomMotB_S2_6,X17Networks_RH_SomMotB_S2_6,,,,253,Schaefer2018_17Networks_RH_SomMotB_S2_10
253,Schaefer2018_17Networks_RH_SomMotB_S2_11,4,SomMotB,254,17Networks_RH_SomMotB_S2_7,48,-22,18,rh_17Networks_RH_SomMotB_S2_7,SomMotB_S2_7,X17Networks_RH_SomMotB_S2_7,,,,254,Schaefer2018_17Networks_RH_SomMotB_S2_11
254,Schaefer2018_17Networks_RH_SomMotB_S2_12,4,SomMotB,255,17Networks_RH_SomMotB_S2_8,62,-12,16,rh_17Networks_RH_SomMotB_S2_8,SomMotB_S2_8,X17Networks_RH_SomMotB_S2_8,,,,255,Schaefer2018_17Networks_RH_SomMotB_S2_12
255,Schaefer2018_17Networks_RH_SomMotB_S2_13,4,SomMotB,256,17Networks_RH_SomMotB_Cent_1,60,6,30,rh_17Networks_RH_SomMotB_Cent_1,SomMotB_Cent_1,X17Networks_RH_SomMotB_Cent_1,,,,256,Schaefer2018_17Networks_RH_SomMotB_S2_13
256,Schaefer2018_17Networks_RH_SomMotB_S2_14,4,SomMotB,257,17Networks_RH_SomMotB_Cent_2,60,-6,26,rh_17Networks_RH_SomMotB_Cent_2,SomMotB_Cent_2,X17Networks_RH_SomMotB_Cent_2,,,,257,Schaefer2018_17Networks_RH_SomMotB_S2_14
257,Schaefer2018_17Networks_RH_SomMotB_S2_15,4,SomMotB,258,17Networks_RH_SomMotB_Cent_3,52,-6,38,rh_17Networks_RH_SomMotB_Cent_3,SomMotB_Cent_3,X17Networks_RH_SomMotB_Cent_3,,,,258,Schaefer2018_17Networks_RH_SomMotB_S2_15
258,Schaefer2018_17Networks_RH_DorsAttnA_TempOcc_1,4,DorsAttnA,259,17Networks_RH_DorsAttnA_TempOcc_1,34,-36,-24,rh_17Networks_RH_DorsAttnA_TempOcc_1,DorsAttnA_TempOcc_1,X17Networks_RH_DorsAttnA_TempOcc_1,,,,259,Schaefer2018_17Networks_RH_DorsAttnA_TempOcc_1
259,Schaefer2018_17Networks_RH_DorsAttnA_TempOcc_2,5,DorsAttnA,260,17Networks_RH_DorsAttnA_TempOcc_2,50,-50,-18,rh_17Networks_RH_DorsAttnA_TempOcc_2,DorsAttnA_TempOcc_2,X17Networks_RH_DorsAttnA_TempOcc_2,,,,260,Schaefer2018_17Networks_RH_DorsAttnA_TempOcc_2
260,Schaefer2018_17Networks_RH_DorsAttnA_TempOcc_3,5,DorsAttnA,261,17Networks_RH_DorsAttnA_TempOcc_3,50,-64,-10,rh_17Networks_RH_DorsAttnA_TempOcc_3,DorsAttnA_TempOcc_3,X17Networks_RH_DorsAttnA_TempOcc_3,,,,261,Schaefer2018_17Networks_RH_DorsAttnA_TempOcc_3
261,Schaefer2018_17Networks_RH_DorsAttnA_TempOcc_4,5,DorsAttnA,262,17Networks_RH_DorsAttnA_ParOcc_1,48,-66,4,rh_17Networks_RH_DorsAttnA_ParOcc_1,DorsAttnA_ParOcc_1,X17Networks_RH_DorsAttnA_ParOcc_1,,,,262,Schaefer2018_17Networks_RH_DorsAttnA_TempOcc_4
262,Schaefer2018_17Networks_RH_DorsAttnA_TempOcc_5,5,DorsAttnA,263,17Networks_RH_DorsAttnA_ParOcc_2,54,-56,12,rh_17Networks_RH_DorsAttnA_ParOcc_2,DorsAttnA_ParOcc_2,X17Networks_RH_DorsAttnA_ParOcc_2,,,,263,Schaefer2018_17Networks_RH_DorsAttnA_TempOcc_5
263,Schaefer2018_17Networks_RH_DorsAttnA_SPL_1,5,DorsAttnA,264,17Networks_RH_DorsAttnA_ParOcc_3,36,-78,24,rh_17Networks_RH_DorsAttnA_ParOcc_3,DorsAttnA_ParOcc_3,X17Networks_RH_DorsAttnA_ParOcc_3,,,,264,Schaefer2018_17Networks_RH_DorsAttnA_SPL_1
264,Schaefer2018_17Networks_RH_DorsAttnA_SPL_2,5,DorsAttnA,265,17Networks_RH_DorsAttnA_SPL_1,30,-78,36,rh_17Networks_RH_DorsAttnA_SPL_1,DorsAttnA_SPL_1,X17Networks_RH_DorsAttnA_SPL_1,,,,265,Schaefer2018_17Networks_RH_DorsAttnA_SPL_2
265,Schaefer2018_17Networks_RH_DorsAttnA_SPL_3,5,DorsAttnA,266,17Networks_RH_DorsAttnA_SPL_2,32,-66,36,rh_17Networks_RH_DorsAttnA_SPL_2,DorsAttnA_SPL_2,X17Networks_RH_DorsAttnA_SPL_2,,,,266,Schaefer2018_17Networks_RH_DorsAttnA_SPL_3
266,Schaefer2018_17Networks_RH_DorsAttnA_SPL_4,5,DorsAttnA,267,17Networks_RH_DorsAttnA_SPL_3,18,-78,50,rh_17Networks_RH_DorsAttnA_SPL_3,DorsAttnA_SPL_3,X17Networks_RH_DorsAttnA_SPL_3,,,,267,Schaefer2018_17Networks_RH_DorsAttnA_SPL_4
267,Schaefer2018_17Networks_RH_DorsAttnA_SPL_5,5,DorsAttnA,268,17Networks_RH_DorsAttnA_SPL_4,30,-64,52,rh_17Networks_RH_DorsAttnA_SPL_4,DorsAttnA_SPL_4,X17Networks_RH_DorsAttnA_SPL_4,,,,268,Schaefer2018_17Networks_RH_DorsAttnA_SPL_5
268,Schaefer2018_17Networks_RH_DorsAttnA_SPL_6,5,DorsAttnA,269,17Networks_RH_DorsAttnA_SPL_5,20,-68,52,rh_17Networks_RH_DorsAttnA_SPL_5,DorsAttnA_SPL_5,X17Networks_RH_DorsAttnA_SPL_5,,,,269,Schaefer2018_17Networks_RH_DorsAttnA_SPL_6
269,Schaefer2018_17Networks_RH_DorsAttnA_SPL_7,5,DorsAttnA,270,17Networks_RH_DorsAttnA_SPL_6,34,-50,54,rh_17Networks_RH_DorsAttnA_SPL_6,DorsAttnA_SPL_6,X17Networks_RH_DorsAttnA_SPL_6,,,,270,Schaefer2018_17Networks_RH_DorsAttnA_SPL_7
270,Schaefer2018_17Networks_RH_DorsAttnA_SPL_8,5,DorsAttnA,271,17Networks_RH_DorsAttnA_SPL_7,26,-58,60,rh_17Networks_RH_DorsAttnA_SPL_7,DorsAttnA_SPL_7,X17Networks_RH_DorsAttnA_SPL_7,,,,271,Schaefer2018_17Networks_RH_DorsAttnA_SPL_8
271,Schaefer2018_17Networks_RH_DorsAttnA_SPL_9,5,DorsAttnA,272,17Networks_RH_DorsAttnA_SPL_8,14,-64,64,rh_17Networks_RH_DorsAttnA_SPL_8,DorsAttnA_SPL_8,X17Networks_RH_DorsAttnA_SPL_8,,,,272,Schaefer2018_17Networks_RH_DorsAttnA_SPL_9
272,Schaefer2018_17Networks_RH_DorsAttnB_TempOcc_1,6,DorsAttnB,273,17Networks_RH_DorsAttnB_TempOcc_1,60,-54,-2,rh_17Networks_RH_DorsAttnB_TempOcc_1,DorsAttnB_TempOcc_1,X17Networks_RH_DorsAttnB_TempOcc_1,,,,273,Schaefer2018_17Networks_RH_DorsAttnB_TempOcc_1
273,Schaefer2018_17Networks_RH_DorsAttnB_PostC_1,6,DorsAttnB,274,17Networks_RH_DorsAttnB_PostC_1,62,-14,30,rh_17Networks_RH_DorsAttnB_PostC_1,DorsAttnB_PostC_1,X17Networks_RH_DorsAttnB_PostC_1,,,,274,Schaefer2018_17Networks_RH_DorsAttnB_PostC_1
274,Schaefer2018_17Networks_RH_DorsAttnB_PostC_2,6,DorsAttnB,275,17Networks_RH_DorsAttnB_PostC_2,58,-22,44,rh_17Networks_RH_DorsAttnB_PostC_2,DorsAttnB_PostC_2,X17Networks_RH_DorsAttnB_PostC_2,,,,275,Schaefer2018_17Networks_RH_DorsAttnB_PostC_2
275,Schaefer2018_17Networks_RH_DorsAttnB_PostC_3,6,DorsAttnB,276,17Networks_RH_DorsAttnB_PostC_3,44,-38,50,rh_17Networks_RH_DorsAttnB_PostC_3,DorsAttnB_PostC_3,X17Networks_RH_DorsAttnB_PostC_3,,,,276,Schaefer2018_17Networks_RH_DorsAttnB_PostC_3
276,Schaefer2018_17Networks_RH_DorsAttnB_PostC_4,6,DorsAttnB,277,17Networks_RH_DorsAttnB_PostC_4,46,-28,42,rh_17Networks_RH_DorsAttnB_PostC_4,DorsAttnB_PostC_4,X17Networks_RH_DorsAttnB_PostC_4,,,,277,Schaefer2018_17Networks_RH_DorsAttnB_PostC_4
277,Schaefer2018_17Networks_RH_DorsAttnB_PostC_5,6,DorsAttnB,278,17Networks_RH_DorsAttnB_PostC_5,36,-36,52,rh_17Networks_RH_DorsAttnB_PostC_5,DorsAttnB_PostC_5,X17Networks_RH_DorsAttnB_PostC_5,,,,278,Schaefer2018_17Networks_RH_DorsAttnB_PostC_5
278,Schaefer2018_17Networks_RH_DorsAttnB_PostC_6,6,DorsAttnB,279,17Networks_RH_DorsAttnB_PostC_6,8,-54,60,rh_17Networks_RH_DorsAttnB_PostC_6,DorsAttnB_PostC_6,X17Networks_RH_DorsAttnB_PostC_6,,,,279,Schaefer2018_17Networks_RH_DorsAttnB_PostC_6
279,Schaefer2018_17Networks_RH_DorsAttnB_PostC_7,6,DorsAttnB,280,17Networks_RH_DorsAttnB_PostC_7,24,-50,68,rh_17Networks_RH_DorsAttnB_PostC_7,DorsAttnB_PostC_7,X17Networks_RH_DorsAttnB_PostC_7,,,,280,Schaefer2018_17Networks_RH_DorsAttnB_PostC_7
280,Schaefer2018_17Networks_RH_DorsAttnB_PostC_8,6,DorsAttnB,281,17Networks_RH_DorsAttnB_PostC_8,16,-46,74,rh_17Networks_RH_DorsAttnB_PostC_8,DorsAttnB_PostC_8,X17Networks_RH_DorsAttnB_PostC_8,,,,281,Schaefer2018_17Networks_RH_DorsAttnB_PostC_8
281,Schaefer2018_17Networks_RH_DorsAttnB_FEF_1,6,DorsAttnB,282,17Networks_RH_DorsAttnB_FEF_1,40,-4,52,rh_17Networks_RH_DorsAttnB_FEF_1,DorsAttnB_FEF_1,X17Networks_RH_DorsAttnB_FEF_1,,,,282,Schaefer2018_17Networks_RH_DorsAttnB_FEF_1
282,Schaefer2018_17Networks_RH_DorsAttnB_FEF_2,6,DorsAttnB,283,17Networks_RH_DorsAttnB_FEF_2,28,-4,52,rh_17Networks_RH_DorsAttnB_FEF_2,DorsAttnB_FEF_2,X17Networks_RH_DorsAttnB_FEF_2,,,,283,Schaefer2018_17Networks_RH_DorsAttnB_FEF_2
283,Schaefer2018_17Networks_RH_DorsAttnB_FEF_3,6,DorsAttnB,284,17Networks_RH_DorsAttnB_FEF_3,24,-2,64,rh_17Networks_RH_DorsAttnB_FEF_3,DorsAttnB_FEF_3,X17Networks_RH_DorsAttnB_FEF_3,,,,284,Schaefer2018_17Networks_RH_DorsAttnB_FEF_3
284,Schaefer2018_17Networks_RH_SalVentAttnA_ParOper_1,6,SalVentAttnA,285,17Networks_RH_SalVentAttnA_ParOper_1,58,-32,24,rh_17Networks_RH_SalVentAttnA_ParOper_1,SalVentAttnA_ParOper_1,X17Networks_RH_SalVentAttnA_ParOper_1,,,,285,Schaefer2018_17Networks_RH_SalVentAttnA_ParOper_1
285,Schaefer2018_17Networks_RH_SalVentAttnA_ParOper_2,7,SalVentAttnA,286,17Networks_RH_SalVentAttnA_ParOper_2,60,-22,22,rh_17Networks_RH_SalVentAttnA_ParOper_2,SalVentAttnA_ParOper_2,X17Networks_RH_SalVentAttnA_ParOper_2,,,,286,Schaefer2018_17Networks_RH_SalVentAttnA_ParOper_2
286,Schaefer2018_17Networks_RH_SalVentAttnA_ParOper_3,7,SalVentAttnA,287,17Networks_RH_SalVentAttnA_ParOper_3,62,-26,38,rh_17Networks_RH_SalVentAttnA_ParOper_3,SalVentAttnA_ParOper_3,X17Networks_RH_SalVentAttnA_ParOper_3,,,,287,Schaefer2018_17Networks_RH_SalVentAttnA_ParOper_3
287,Schaefer2018_17Networks_RH_SalVentAttnA_PrC_1,7,SalVentAttnA,288,17Networks_RH_SalVentAttnA_PrC_1,52,4,40,rh_17Networks_RH_SalVentAttnA_PrC_1,SalVentAttnA_PrC_1,X17Networks_RH_SalVentAttnA_PrC_1,,,,288,Schaefer2018_17Networks_RH_SalVentAttnA_PrC_1
288,Schaefer2018_17Networks_RH_SalVentAttnA_Ins_1,7,SalVentAttnA,289,17Networks_RH_SalVentAttnA_Ins_1,40,6,-16,rh_17Networks_RH_SalVentAttnA_Ins_1,SalVentAttnA_Ins_1,X17Networks_RH_SalVentAttnA_Ins_1,,,,289,Schaefer2018_17Networks_RH_SalVentAttnA_Ins_1
289,Schaefer2018_17Networks_RH_SalVentAttnA_Ins_2,7,SalVentAttnA,290,17Networks_RH_SalVentAttnA_Ins_2,40,8,-2,rh_17Networks_RH_SalVentAttnA_Ins_2,SalVentAttnA_Ins_2,X17Networks_RH_SalVentAttnA_Ins_2,,,,290,Schaefer2018_17Networks_RH_SalVentAttnA_Ins_2
290,Schaefer2018_17Networks_RH_SalVentAttnA_Ins_3,7,SalVentAttnA,291,17Networks_RH_SalVentAttnA_Ins_3,40,-10,-4,rh_17Networks_RH_SalVentAttnA_Ins_3,SalVentAttnA_Ins_3,X17Networks_RH_SalVentAttnA_Ins_3,,,,291,Schaefer2018_17Networks_RH_SalVentAttnA_Ins_3
291,Schaefer2018_17Networks_RH_SalVentAttnA_Ins_4,7,SalVentAttnA,292,17Networks_RH_SalVentAttnA_Ins_4,40,-2,6,rh_17Networks_RH_SalVentAttnA_Ins_4,SalVentAttnA_Ins_4,X17Networks_RH_SalVentAttnA_Ins_4,,,,292,Schaefer2018_17Networks_RH_SalVentAttnA_Ins_4
292,Schaefer2018_17Networks_RH_SalVentAttnA_Ins_5,7,SalVentAttnA,293,17Networks_RH_SalVentAttnA_FrOper_1,38,8,10,rh_17Networks_RH_SalVentAttnA_FrOper_1,SalVentAttnA_FrOper_1,X17Networks_RH_SalVentAttnA_FrOper_1,,,,293,Schaefer2018_17Networks_RH_SalVentAttnA_Ins_5
293,Schaefer2018_17Networks_RH_SalVentAttnA_Ins_6,7,SalVentAttnA,294,17Networks_RH_SalVentAttnA_FrOper_2,48,4,4,rh_17Networks_RH_SalVentAttnA_FrOper_2,SalVentAttnA_FrOper_2,X17Networks_RH_SalVentAttnA_FrOper_2,,,,294,Schaefer2018_17Networks_RH_SalVentAttnA_Ins_6
294,Schaefer2018_17Networks_RH_SalVentAttnA_Ins_7,7,SalVentAttnA,295,17Networks_RH_SalVentAttnA_FrOper_3,54,12,12,rh_17Networks_RH_SalVentAttnA_FrOper_3,SalVentAttnA_FrOper_3,X17Networks_RH_SalVentAttnA_FrOper_3,,,,295,Schaefer2018_17Networks_RH_SalVentAttnA_Ins_7
295,Schaefer2018_17Networks_RH_SalVentAttnA_ParMed_1,7,SalVentAttnA,296,17Networks_RH_SalVentAttnA_FrMed_1,8,2,42,rh_17Networks_RH_SalVentAttnA_FrMed_1,SalVentAttnA_FrMed_1,X17Networks_RH_SalVentAttnA_FrMed_1,,,,296,Schaefer2018_17Networks_RH_SalVentAttnA_ParMed_1
296,Schaefer2018_17Networks_RH_SalVentAttnA_ParMed_2,7,SalVentAttnA,297,17Networks_RH_SalVentAttnA_ParMed_1,12,-18,42,rh_17Networks_RH_SalVentAttnA_ParMed_1,SalVentAttnA_ParMed_1,X17Networks_RH_SalVentAttnA_ParMed_1,,,,297,Schaefer2018_17Networks_RH_SalVentAttnA_ParMed_2
297,Schaefer2018_17Networks_RH_SalVentAttnA_ParMed_3,7,SalVentAttnA,298,17Networks_RH_SalVentAttnA_ParMed_2,12,-34,42,rh_17Networks_RH_SalVentAttnA_ParMed_2,SalVentAttnA_ParMed_2,X17Networks_RH_SalVentAttnA_ParMed_2,,,,298,Schaefer2018_17Networks_RH_SalVentAttnA_ParMed_3
298,Schaefer2018_17Networks_RH_SalVentAttnA_ParMed_4,7,SalVentAttnA,299,17Networks_RH_SalVentAttnA_FrMed_2,6,10,58,rh_17Networks_RH_SalVentAttnA_FrMed_2,SalVentAttnA_FrMed_2,X17Networks_RH_SalVentAttnA_FrMed_2,,,,299,Schaefer2018_17Networks_RH_SalVentAttnA_ParMed_4
299,Schaefer2018_17Networks_RH_SalVentAttnA_ParMed_5,7,SalVentAttnA,300,17Networks_RH_SalVentAttnA_ParMed_3,10,-44,54,rh_17Networks_RH_SalVentAttnA_ParMed_3,SalVentAttnA_ParMed_3,X17Networks_RH_SalVentAttnA_ParMed_3,,,,300,Schaefer2018_17Networks_RH_SalVentAttnA_ParMed_5
300,Schaefer2018_17Networks_RH_SalVentAttnA_ParMed_6,8,SalVentAttnA,301,17Networks_RH_SalVentAttnA_ParMed_4,10,-32,50,rh_17Networks_RH_SalVentAttnA_ParMed_4,SalVentAttnA_ParMed_4,X17Networks_RH_SalVentAttnA_ParMed_4,,,,301,Schaefer2018_17Networks_RH_SalVentAttnA_ParMed_6
301,Schaefer2018_17Networks_RH_SalVentAttnA_ParMed_7,8,SalVentAttnA,302,17Networks_RH_SalVentAttnA_FrMed_3,6,-2,66,rh_17Networks_RH_SalVentAttnA_FrMed_3,SalVentAttnA_FrMed_3,X17Networks_RH_SalVentAttnA_FrMed_3,,,,302,Schaefer2018_17Networks_RH_SalVentAttnA_ParMed_7
302,Schaefer2018_17Networks_RH_SalVentAttnA_ParMed_8,8,SalVentAttnA,303,17Networks_RH_SalVentAttnA_FrMed_4,16,6,70,rh_17Networks_RH_SalVentAttnA_FrMed_4,SalVentAttnA_FrMed_4,X17Networks_RH_SalVentAttnA_FrMed_4,,,,303,Schaefer2018_17Networks_RH_SalVentAttnA_ParMed_8
303,Schaefer2018_17Networks_RH_SalVentAttnB_IPL_1,8,SalVentAttnB,304,17Networks_RH_SalVentAttnB_IPL_1,62,-38,36,rh_17Networks_RH_SalVentAttnB_IPL_1,SalVentAttnB_IPL_1,X17Networks_RH_SalVentAttnB_IPL_1,,,,304,Schaefer2018_17Networks_RH_SalVentAttnB_IPL_1
304,Schaefer2018_17Networks_RH_SalVentAttnB_PFCl_1,8,SalVentAttnB,305,17Networks_RH_SalVentAttnB_PFClv_1,50,40,6,rh_17Networks_RH_SalVentAttnB_PFClv_1,SalVentAttnB_PFClv_1,X17Networks_RH_SalVentAttnB_PFClv_1,,,,305,Schaefer2018_17Networks_RH_SalVentAttnB_PFCl_1
305,Schaefer2018_17Networks_RH_SalVentAttnB_PFCl_2,8,SalVentAttnB,306,17Networks_RH_SalVentAttnB_PFCl_1,42,46,14,rh_17Networks_RH_SalVentAttnB_PFCl_1,SalVentAttnB_PFCl_1,X17Networks_RH_SalVentAttnB_PFCl_1,,,,306,Schaefer2018_17Networks_RH_SalVentAttnB_PFCl_2
306,Schaefer2018_17Networks_RH_SalVentAttnB_PFCl_3,8,SalVentAttnB,307,17Networks_RH_SalVentAttnB_PFCl_2,26,54,24,rh_17Networks_RH_SalVentAttnB_PFCl_2,SalVentAttnB_PFCl_2,X17Networks_RH_SalVentAttnB_PFCl_2,,,,307,Schaefer2018_17Networks_RH_SalVentAttnB_PFCl_3
307,Schaefer2018_17Networks_RH_SalVentAttnB_PFCl_4,8,SalVentAttnB,308,17Networks_RH_SalVentAttnB_PFCl_3,32,44,28,rh_17Networks_RH_SalVentAttnB_PFCl_3,SalVentAttnB_PFCl_3,X17Networks_RH_SalVentAttnB_PFCl_3,,,,308,Schaefer2018_17Networks_RH_SalVentAttnB_PFCl_4
308,Schaefer2018_17Networks_RH_SalVentAttnB_PFCv_1,9,SalVentAttnB,309,17Networks_RH_SalVentAttnB_Ins_1,34,22,-8,rh_17Networks_RH_SalVentAttnB_Ins_1,SalVentAttnB_Ins_1,X17Networks_RH_SalVentAttnB_Ins_1,,,,309,Schaefer2018_17Networks_RH_SalVentAttnB_PFCv_1
309,Schaefer2018_17Networks_RH_SalVentAttnB_PFCv_2,9,SalVentAttnB,310,17Networks_RH_SalVentAttnB_Ins_2,36,22,4,rh_17Networks_RH_SalVentAttnB_Ins_2,SalVentAttnB_Ins_2,X17Networks_RH_SalVentAttnB_Ins_2,,,,310,Schaefer2018_17Networks_RH_SalVentAttnB_PFCv_2
310,Schaefer2018_17Networks_RH_SalVentAttnB_PFCmp_1,9,SalVentAttnB,311,17Networks_RH_SalVentAttnB_PFCmp_1,8,34,24,rh_17Networks_RH_SalVentAttnB_PFCmp_1,SalVentAttnB_PFCmp_1,X17Networks_RH_SalVentAttnB_PFCmp_1,,,,311,Schaefer2018_17Networks_RH_SalVentAttnB_PFCmp_1
311,Schaefer2018_17Networks_RH_SalVentAttnB_PFCmp_2,9,SalVentAttnB,312,17Networks_RH_SalVentAttnB_PFCmp_2,8,18,36,rh_17Networks_RH_SalVentAttnB_PFCmp_2,SalVentAttnB_PFCmp_2,X17Networks_RH_SalVentAttnB_PFCmp_2,,,,312,Schaefer2018_17Networks_RH_SalVentAttnB_PFCmp_2
312,Schaefer2018_17Networks_RH_Limbic_OFC_1,9,LimbicB,313,17Networks_RH_LimbicB_OFC_1,14,24,-20,rh_17Networks_RH_LimbicB_OFC_1,LimbicB_OFC_1,X17Networks_RH_LimbicB_OFC_1,,,,313,Schaefer2018_17Networks_RH_Limbic_OFC_1
313,Schaefer2018_17Networks_RH_Limbic_OFC_2,9,LimbicB,314,17Networks_RH_LimbicB_OFC_2,22,22,-20,rh_17Networks_RH_LimbicB_OFC_2,LimbicB_OFC_2,X17Networks_RH_LimbicB_OFC_2,,,,314,Schaefer2018_17Networks_RH_Limbic_OFC_2
314,Schaefer2018_17Networks_RH_Limbic_OFC_3,10,LimbicB,315,17Networks_RH_LimbicB_OFC_3,8,46,-24,rh_17Networks_RH_LimbicB_OFC_3,LimbicB_OFC_3,X17Networks_RH_LimbicB_OFC_3,,,,315,Schaefer2018_17Networks_RH_Limbic_OFC_3
315,Schaefer2018_17Networks_RH_Limbic_OFC_4,10,LimbicB,316,17Networks_RH_LimbicB_OFC_4,20,42,-18,rh_17Networks_RH_LimbicB_OFC_4,LimbicB_OFC_4,X17Networks_RH_LimbicB_OFC_4,,,,316,Schaefer2018_17Networks_RH_Limbic_OFC_4
316,Schaefer2018_17Networks_RH_Limbic_OFC_5,10,LimbicB,317,17Networks_RH_LimbicB_OFC_5,4,22,-20,rh_17Networks_RH_LimbicB_OFC_5,LimbicB_OFC_5,X17Networks_RH_LimbicB_OFC_5,,,,317,Schaefer2018_17Networks_RH_Limbic_OFC_5
317,Schaefer2018_17Networks_RH_Limbic_OFC_6,10,LimbicB,318,17Networks_RH_LimbicB_OFC_6,10,62,-14,rh_17Networks_RH_LimbicB_OFC_6,LimbicB_OFC_6,X17Networks_RH_LimbicB_OFC_6,,,,318,Schaefer2018_17Networks_RH_Limbic_OFC_6
318,Schaefer2018_17Networks_RH_Limbic_TempPole_1,10,LimbicA,319,17Networks_RH_LimbicA_TempPole_1,28,-2,-40,rh_17Networks_RH_LimbicA_TempPole_1,LimbicA_TempPole_1,X17Networks_RH_LimbicA_TempPole_1,,,,319,Schaefer2018_17Networks_RH_Limbic_TempPole_1
319,Schaefer2018_17Networks_RH_Limbic_TempPole_2,10,LimbicA,320,17Networks_RH_LimbicA_TempPole_2,48,-6,-40,rh_17Networks_RH_LimbicA_TempPole_2,LimbicA_TempPole_2,X17Networks_RH_LimbicA_TempPole_2,,,,320,Schaefer2018_17Networks_RH_Limbic_TempPole_2
320,Schaefer2018_17Networks_RH_Limbic_TempPole_3,11,LimbicA,321,17Networks_RH_LimbicA_TempPole_3,36,18,-38,rh_17Networks_RH_LimbicA_TempPole_3,LimbicA_TempPole_3,X17Networks_RH_LimbicA_TempPole_3,,,,321,Schaefer2018_17Networks_RH_Limbic_TempPole_3
321,Schaefer2018_17Networks_RH_Limbic_TempPole_4,11,LimbicA,322,17Networks_RH_LimbicA_TempPole_4,40,-14,-32,rh_17Networks_RH_LimbicA_TempPole_4,LimbicA_TempPole_4,X17Networks_RH_LimbicA_TempPole_4,,,,322,Schaefer2018_17Networks_RH_Limbic_TempPole_4
322,Schaefer2018_17Networks_RH_Limbic_TempPole_5,11,LimbicA,323,17Networks_RH_LimbicA_TempPole_5,28,12,-30,rh_17Networks_RH_LimbicA_TempPole_5,LimbicA_TempPole_5,X17Networks_RH_LimbicA_TempPole_5,,,,323,Schaefer2018_17Networks_RH_Limbic_TempPole_5
323,Schaefer2018_17Networks_RH_Limbic_TempPole_6,11,LimbicA,324,17Networks_RH_LimbicA_TempPole_6,50,-28,-26,rh_17Networks_RH_LimbicA_TempPole_6,LimbicA_TempPole_6,X17Networks_RH_LimbicA_TempPole_6,,,,324,Schaefer2018_17Networks_RH_Limbic_TempPole_6
324,Schaefer2018_17Networks_RH_ContA_IPS_1,11,ContA,325,17Networks_RH_ContA_IPS_1,36,-70,46,rh_17Networks_RH_ContA_IPS_1,ContA_IPS_1,X17Networks_RH_ContA_IPS_1,,,,325,Schaefer2018_17Networks_RH_ContA_IPS_1
325,Schaefer2018_17Networks_RH_ContA_IPS_2,11,ContA,326,17Networks_RH_ContA_IPS_2,54,-32,52,rh_17Networks_RH_ContA_IPS_2,ContA_IPS_2,X17Networks_RH_ContA_IPS_2,,,,326,Schaefer2018_17Networks_RH_ContA_IPS_2
326,Schaefer2018_17Networks_RH_ContA_IPS_3,11,ContA,327,17Networks_RH_ContA_IPS_3,46,-44,46,rh_17Networks_RH_ContA_IPS_3,ContA_IPS_3,X17Networks_RH_ContA_IPS_3,,,,327,Schaefer2018_17Networks_RH_ContA_IPS_3
327,Schaefer2018_17Networks_RH_ContA_IPS_4,11,ContA,328,17Networks_RH_ContA_IPS_4,36,-44,44,rh_17Networks_RH_ContA_IPS_4,ContA_IPS_4,X17Networks_RH_ContA_IPS_4,,,,328,Schaefer2018_17Networks_RH_ContA_IPS_4
328,Schaefer2018_17Networks_RH_ContA_PFCd_1,11,ContA,329,17Networks_RH_ContA_PFCd_1,24,10,58,rh_17Networks_RH_ContA_PFCd_1,ContA_PFCd_1,X17Networks_RH_ContA_PFCd_1,,,,329,Schaefer2018_17Networks_RH_ContA_PFCd_1
329,Schaefer2018_17Networks_RH_ContA_PFCl_1,11,ContA,330,17Networks_RH_ContA_PFCl_1,50,30,18,rh_17Networks_RH_ContA_PFCl_1,ContA_PFCl_1,X17Networks_RH_ContA_PFCl_1,,,,330,Schaefer2018_17Networks_RH_ContA_PFCl_1
330,Schaefer2018_17Networks_RH_ContA_PFCl_2,11,ContA,331,17Networks_RH_ContA_PFCl_2,48,18,24,rh_17Networks_RH_ContA_PFCl_2,ContA_PFCl_2,X17Networks_RH_ContA_PFCl_2,,,,331,Schaefer2018_17Networks_RH_ContA_PFCl_2
331,Schaefer2018_17Networks_RH_ContA_PFCl_3,11,ContA,332,17Networks_RH_ContA_PFCl_3,48,28,28,rh_17Networks_RH_ContA_PFCl_3,ContA_PFCl_3,X17Networks_RH_ContA_PFCl_3,,,,332,Schaefer2018_17Networks_RH_ContA_PFCl_3
332,Schaefer2018_17Networks_RH_ContA_PFCl_4,11,ContA,333,17Networks_RH_ContA_PFCl_4,48,8,24,rh_17Networks_RH_ContA_PFCl_4,ContA_PFCl_4,X17Networks_RH_ContA_PFCl_4,,,,333,Schaefer2018_17Networks_RH_ContA_PFCl_4
333,Schaefer2018_17Networks_RH_ContA_PFCl_5,12,ContA,334,17Networks_RH_ContA_PFCl_5,38,10,34,rh_17Networks_RH_ContA_PFCl_5,ContA_PFCl_5,X17Networks_RH_ContA_PFCl_5,,,,334,Schaefer2018_17Networks_RH_ContA_PFCl_5
334,Schaefer2018_17Networks_RH_ContA_Cinga_1,12,ContA,335,17Networks_RH_ContA_Cingm_1,4,2,30,rh_17Networks_RH_ContA_Cingm_1,ContA_Cingm_1,X17Networks_RH_ContA_Cingm_1,,,,335,Schaefer2018_17Networks_RH_ContA_Cinga_1
335,Schaefer2018_17Networks_RH_ContB_Temp_1,12,ContB,336,17Networks_RH_ContB_Temp_1,62,-28,-20,rh_17Networks_RH_ContB_Temp_1,ContB_Temp_1,X17Networks_RH_ContB_Temp_1,,,,336,Schaefer2018_17Networks_RH_ContB_Temp_1
336,Schaefer2018_17Networks_RH_ContB_Temp_2,12,ContB,337,17Networks_RH_ContB_Temp_2,64,-42,-10,rh_17Networks_RH_ContB_Temp_2,ContB_Temp_2,X17Networks_RH_ContB_Temp_2,,,,337,Schaefer2018_17Networks_RH_ContB_Temp_2
337,Schaefer2018_17Networks_RH_ContB_IPL_1,12,ContB,338,17Networks_RH_ContB_IPL_1,56,-46,32,rh_17Networks_RH_ContB_IPL_1,ContB_IPL_1,X17Networks_RH_ContB_IPL_1,,,,338,Schaefer2018_17Networks_RH_ContB_IPL_1
338,Schaefer2018_17Networks_RH_ContB_IPL_2,12,ContB,339,17Networks_RH_ContB_IPL_2,54,-52,44,rh_17Networks_RH_ContB_IPL_2,ContB_IPL_2,X17Networks_RH_ContB_IPL_2,,,,339,Schaefer2018_17Networks_RH_ContB_IPL_2
339,Schaefer2018_17Networks_RH_ContB_IPL_3,12,ContB,340,17Networks_RH_ContB_IPL_3,56,-40,48,rh_17Networks_RH_ContB_IPL_3,ContB_IPL_3,X17Networks_RH_ContB_IPL_3,,,,340,Schaefer2018_17Networks_RH_ContB_IPL_3
340,Schaefer2018_17Networks_RH_ContB_IPL_4,12,ContB,341,17Networks_RH_ContB_IPL_4,42,-56,48,rh_17Networks_RH_ContB_IPL_4,ContB_IPL_4,X17Networks_RH_ContB_IPL_4,,,,341,Schaefer2018_17Networks_RH_ContB_IPL_4
341,Schaefer2018_17Networks_RH_ContB_PFCld_1,12,ContB,342,17Networks_RH_ContB_PFCld_1,38,34,38,rh_17Networks_RH_ContB_PFCld_1,ContB_PFCld_1,X17Networks_RH_ContB_PFCld_1,,,,342,Schaefer2018_17Networks_RH_ContB_PFCld_1
342,Schaefer2018_17Networks_RH_ContB_PFCld_2,12,ContB,343,17Networks_RH_ContB_PFCld_2,44,18,44,rh_17Networks_RH_ContB_PFCld_2,ContB_PFCld_2,X17Networks_RH_ContB_PFCld_2,,,,343,Schaefer2018_17Networks_RH_ContB_PFCld_2
343,Schaefer2018_17Networks_RH_ContB_PFCld_3,13,ContB,344,17Networks_RH_ContB_PFCld_3,42,6,50,rh_17Networks_RH_ContB_PFCld_3,ContB_PFCld_3,X17Networks_RH_ContB_PFCld_3,,,,344,Schaefer2018_17Networks_RH_ContB_PFCld_3
344,Schaefer2018_17Networks_RH_ContB_PFCld_4,13,ContB,345,17Networks_RH_ContB_PFCld_4,34,16,56,rh_17Networks_RH_ContB_PFCld_4,ContB_PFCld_4,X17Networks_RH_ContB_PFCld_4,,,,345,Schaefer2018_17Networks_RH_ContB_PFCld_4
345,Schaefer2018_17Networks_RH_ContB_PFClv_1,13,ContB,346,17Networks_RH_ContB_PFClv_1,36,38,-14,rh_17Networks_RH_ContB_PFClv_1,ContB_PFClv_1,X17Networks_RH_ContB_PFClv_1,,,,346,Schaefer2018_17Networks_RH_ContB_PFClv_1
346,Schaefer2018_17Networks_RH_ContB_PFClv_2,13,ContB,347,17Networks_RH_ContB_PFClv_2,28,54,-14,rh_17Networks_RH_ContB_PFClv_2,ContB_PFClv_2,X17Networks_RH_ContB_PFClv_2,,,,347,Schaefer2018_17Networks_RH_ContB_PFClv_2
347,Schaefer2018_17Networks_RH_ContB_PFClv_3,13,ContB,348,17Networks_RH_ContB_PFClv_3,42,50,-6,rh_17Networks_RH_ContB_PFClv_3,ContB_PFClv_3,X17Networks_RH_ContB_PFClv_3,,,,348,Schaefer2018_17Networks_RH_ContB_PFClv_3
348,Schaefer2018_17Networks_RH_ContB_PFClv_4,14,ContB,349,17Networks_RH_ContB_PFClv_4,28,60,2,rh_17Networks_RH_ContB_PFClv_4,ContB_PFClv_4,X17Networks_RH_ContB_PFClv_4,,,,349,Schaefer2018_17Networks_RH_ContB_PFClv_4
349,Schaefer2018_17Networks_RH_ContB_PFCmp_1,14,ContB,350,17Networks_RH_ContB_PFCmp_1,4,28,48,rh_17Networks_RH_ContB_PFCmp_1,ContB_PFCmp_1,X17Networks_RH_ContB_PFCmp_1,,,,350,Schaefer2018_17Networks_RH_ContB_PFCmp_1
350,Schaefer2018_17Networks_RH_ContC_pCun_1,14,ContC,351,17Networks_RH_ContC_pCun_1,16,-64,28,rh_17Networks_RH_ContC_pCun_1,ContC_pCun_1,X17Networks_RH_ContC_pCun_1,,,,351,Schaefer2018_17Networks_RH_ContC_pCun_1
351,Schaefer2018_17Networks_RH_ContC_pCun_2,14,ContC,352,17Networks_RH_ContC_pCun_2,14,-72,40,rh_17Networks_RH_ContC_pCun_2,ContC_pCun_2,X17Networks_RH_ContC_pCun_2,,,,352,Schaefer2018_17Networks_RH_ContC_pCun_2
352,Schaefer2018_17Networks_RH_ContC_pCun_3,14,ContC,353,17Networks_RH_ContC_pCun_3,6,-64,44,rh_17Networks_RH_ContC_pCun_3,ContC_pCun_3,X17Networks_RH_ContC_pCun_3,,,,353,Schaefer2018_17Networks_RH_ContC_pCun_3
353,Schaefer2018_17Networks_RH_ContC_pCun_4,14,ContC,354,17Networks_RH_ContC_pCun_4,8,-50,44,rh_17Networks_RH_ContC_pCun_4,ContC_pCun_4,X17Networks_RH_ContC_pCun_4,,,,354,Schaefer2018_17Networks_RH_ContC_pCun_4
354,Schaefer2018_17Networks_RH_ContC_pCun_5,14,ContC,355,17Networks_RH_ContC_pCun_5,8,-72,52,rh_17Networks_RH_ContC_pCun_5,ContC_pCun_5,X17Networks_RH_ContC_pCun_5,,,,355,Schaefer2018_17Networks_RH_ContC_pCun_5
355,Schaefer2018_17Networks_RH_ContC_Cingp_1,14,ContC,356,17Networks_RH_ContC_Cingp_1,8,-44,20,rh_17Networks_RH_ContC_Cingp_1,ContC_Cingp_1,X17Networks_RH_ContC_Cingp_1,,,,356,Schaefer2018_17Networks_RH_ContC_Cingp_1
356,Schaefer2018_17Networks_RH_ContC_Cingp_2,14,ContC,357,17Networks_RH_ContC_Cingp_2,6,-28,28,rh_17Networks_RH_ContC_Cingp_2,ContC_Cingp_2,X17Networks_RH_ContC_Cingp_2,,,,357,Schaefer2018_17Networks_RH_ContC_Cingp_2
357,Schaefer2018_17Networks_RH_DefaultA_Temp_1,14,DefaultA,358,17Networks_RH_DefaultA_Temp_1,60,-8,-24,rh_17Networks_RH_DefaultA_Temp_1,DefaultA_Temp_1,X17Networks_RH_DefaultA_Temp_1,,,,358,Schaefer2018_17Networks_RH_DefaultA_Temp_1
358,Schaefer2018_17Networks_RH_DefaultA_IPL_1,14,DefaultA,359,17Networks_RH_DefaultA_IPL_1,54,-54,26,rh_17Networks_RH_DefaultA_IPL_1,DefaultA_IPL_1,X17Networks_RH_DefaultA_IPL_1,,,,359,Schaefer2018_17Networks_RH_DefaultA_IPL_1
359,Schaefer2018_17Networks_RH_DefaultA_IPL_2,14,DefaultA,360,17Networks_RH_DefaultA_IPL_2,48,-64,42,rh_17Networks_RH_DefaultA_IPL_2,DefaultA_IPL_2,X17Networks_RH_DefaultA_IPL_2,,,,360,Schaefer2018_17Networks_RH_DefaultA_IPL_2
360,Schaefer2018_17Networks_RH_DefaultA_PFCd_1,14,DefaultA,361,17Networks_RH_DefaultA_PFCd_1,26,34,38,rh_17Networks_RH_DefaultA_PFCd_1,DefaultA_PFCd_1,X17Networks_RH_DefaultA_PFCd_1,,,,361,Schaefer2018_17Networks_RH_DefaultA_PFCd_1
361,Schaefer2018_17Networks_RH_DefaultA_PFCd_2,14,DefaultA,362,17Networks_RH_DefaultA_PFCd_2,24,26,50,rh_17Networks_RH_DefaultA_PFCd_2,DefaultA_PFCd_2,X17Networks_RH_DefaultA_PFCd_2,,,,362,Schaefer2018_17Networks_RH_DefaultA_PFCd_2
362,Schaefer2018_17Networks_RH_DefaultA_PCC_1,14,DefaultA,363,17Networks_RH_DefaultA_pCunPCC_1,6,-52,24,rh_17Networks_RH_DefaultA_pCunPCC_1,DefaultA_pCunPCC_1,X17Networks_RH_DefaultA_pCunPCC_1,,,,363,Schaefer2018_17Networks_RH_DefaultA_PCC_1
363,Schaefer2018_17Networks_RH_DefaultA_PCC_2,14,DefaultA,364,17Networks_RH_DefaultA_pCunPCC_2,4,-64,32,rh_17Networks_RH_DefaultA_pCunPCC_2,DefaultA_pCunPCC_2,X17Networks_RH_DefaultA_pCunPCC_2,,,,364,Schaefer2018_17Networks_RH_DefaultA_PCC_2
364,Schaefer2018_17Networks_RH_DefaultA_PCC_3,14,DefaultA,365,17Networks_RH_DefaultA_pCunPCC_3,6,-38,34,rh_17Networks_RH_DefaultA_pCunPCC_3,DefaultA_pCunPCC_3,X17Networks_RH_DefaultA_pCunPCC_3,,,,365,Schaefer2018_17Networks_RH_DefaultA_PCC_3
365,Schaefer2018_17Networks_RH_DefaultA_PCC_4,14,DefaultA,366,17Networks_RH_DefaultA_pCunPCC_4,4,-20,36,rh_17Networks_RH_DefaultA_pCunPCC_4,DefaultA_pCunPCC_4,X17Networks_RH_DefaultA_pCunPCC_4,,,,366,Schaefer2018_17Networks_RH_DefaultA_PCC_4
366,Schaefer2018_17Networks_RH_DefaultA_PCC_5,15,DefaultA,367,17Networks_RH_DefaultA_pCunPCC_5,10,-52,36,rh_17Networks_RH_DefaultA_pCunPCC_5,DefaultA_pCunPCC_5,X17Networks_RH_DefaultA_pCunPCC_5,,,,367,Schaefer2018_17Networks_RH_DefaultA_PCC_5
367,Schaefer2018_17Networks_RH_DefaultA_PFCm_1,15,DefaultA,368,17Networks_RH_DefaultA_PFCm_1,6,42,-10,rh_17Networks_RH_DefaultA_PFCm_1,DefaultA_PFCm_1,X17Networks_RH_DefaultA_PFCm_1,,,,368,Schaefer2018_17Networks_RH_DefaultA_PFCm_1
368,Schaefer2018_17Networks_RH_DefaultA_PFCm_2,15,DefaultA,369,17Networks_RH_DefaultA_PFCm_2,10,66,0,rh_17Networks_RH_DefaultA_PFCm_2,DefaultA_PFCm_2,X17Networks_RH_DefaultA_PFCm_2,,,,369,Schaefer2018_17Networks_RH_DefaultA_PFCm_2
369,Schaefer2018_17Networks_RH_DefaultA_PFCm_3,15,DefaultA,370,17Networks_RH_DefaultA_PFCm_3,8,42,4,rh_17Networks_RH_DefaultA_PFCm_3,DefaultA_PFCm_3,X17Networks_RH_DefaultA_PFCm_3,,,,370,Schaefer2018_17Networks_RH_DefaultA_PFCm_3
370,Schaefer2018_17Networks_RH_DefaultA_PFCm_4,15,DefaultA,371,17Networks_RH_DefaultA_PFCm_4,8,54,12,rh_17Networks_RH_DefaultA_PFCm_4,DefaultA_PFCm_4,X17Networks_RH_DefaultA_PFCm_4,,,,371,Schaefer2018_17Networks_RH_DefaultA_PFCm_4
371,Schaefer2018_17Networks_RH_DefaultA_PFCm_5,15,DefaultA,372,17Networks_RH_DefaultA_PFCm_5,18,64,16,rh_17Networks_RH_DefaultA_PFCm_5,DefaultA_PFCm_5,X17Networks_RH_DefaultA_PFCm_5,,,,372,Schaefer2018_17Networks_RH_DefaultA_PFCm_5
372,Schaefer2018_17Networks_RH_DefaultA_PFCm_6,15,DefaultA,373,17Networks_RH_DefaultA_PFCm_6,6,26,18,rh_17Networks_RH_DefaultA_PFCm_6,DefaultA_PFCm_6,X17Networks_RH_DefaultA_PFCm_6,,,,373,Schaefer2018_17Networks_RH_DefaultA_PFCm_6
373,Schaefer2018_17Networks_RH_DefaultB_Temp_1,15,DefaultB,374,17Networks_RH_DefaultB_Temp_1,64,-24,-8,rh_17Networks_RH_DefaultB_Temp_1,DefaultB_Temp_1,X17Networks_RH_DefaultB_Temp_1,,,,374,Schaefer2018_17Networks_RH_DefaultB_Temp_1
374,Schaefer2018_17Networks_RH_DefaultB_Temp_2,15,DefaultB,375,17Networks_RH_DefaultB_Temp_2,64,-38,0,rh_17Networks_RH_DefaultB_Temp_2,DefaultB_Temp_2,X17Networks_RH_DefaultB_Temp_2,,,,375,Schaefer2018_17Networks_RH_DefaultB_Temp_2
375,Schaefer2018_17Networks_RH_DefaultB_AntTemp_1,15,DefaultB,376,17Networks_RH_DefaultB_AntTemp_1,50,8,-32,rh_17Networks_RH_DefaultB_AntTemp_1,DefaultB_AntTemp_1,X17Networks_RH_DefaultB_AntTemp_1,,,,376,Schaefer2018_17Networks_RH_DefaultB_AntTemp_1
376,Schaefer2018_17Networks_RH_DefaultB_PFCd_1,15,DefaultB,377,17Networks_RH_DefaultB_PFCd_1,6,58,30,rh_17Networks_RH_DefaultB_PFCd_1,DefaultB_PFCd_1,X17Networks_RH_DefaultB_PFCd_1,,,,377,Schaefer2018_17Networks_RH_DefaultB_PFCd_1
377,Schaefer2018_17Networks_RH_DefaultB_PFCd_2,15,DefaultB,378,17Networks_RH_DefaultB_PFCd_2,16,52,36,rh_17Networks_RH_DefaultB_PFCd_2,DefaultB_PFCd_2,X17Networks_RH_DefaultB_PFCd_2,,,,378,Schaefer2018_17Networks_RH_DefaultB_PFCd_2
378,Schaefer2018_17Networks_RH_DefaultB_PFCd_3,15,DefaultB,379,17Networks_RH_DefaultB_PFCd_3,4,44,40,rh_17Networks_RH_DefaultB_PFCd_3,DefaultB_PFCd_3,X17Networks_RH_DefaultB_PFCd_3,,,,379,Schaefer2018_17Networks_RH_DefaultB_PFCd_3
379,Schaefer2018_17Networks_RH_DefaultB_PFCd_4,15,DefaultB,380,17Networks_RH_DefaultB_PFCd_4,14,38,52,rh_17Networks_RH_DefaultB_PFCd_4,DefaultB_PFCd_4,X17Networks_RH_DefaultB_PFCd_4,,,,380,Schaefer2018_17Networks_RH_DefaultB_PFCd_4
380,Schaefer2018_17Networks_RH_DefaultB_PFCd_5,15,DefaultB,381,17Networks_RH_DefaultB_PFCd_5,12,20,62,rh_17Networks_RH_DefaultB_PFCd_5,DefaultB_PFCd_5,X17Networks_RH_DefaultB_PFCd_5,,,,381,Schaefer2018_17Networks_RH_DefaultB_PFCd_5
381,Schaefer2018_17Networks_RH_DefaultB_PFCv_1,15,DefaultB,382,17Networks_RH_DefaultB_PFCv_1,34,22,-18,rh_17Networks_RH_DefaultB_PFCv_1,DefaultB_PFCv_1,X17Networks_RH_DefaultB_PFCv_1,,,,382,Schaefer2018_17Networks_RH_DefaultB_PFCv_1
382,Schaefer2018_17Networks_RH_DefaultB_PFCv_2,15,DefaultB,383,17Networks_RH_DefaultB_PFCv_2,48,32,-8,rh_17Networks_RH_DefaultB_PFCv_2,DefaultB_PFCv_2,X17Networks_RH_DefaultB_PFCv_2,,,,383,Schaefer2018_17Networks_RH_DefaultB_PFCv_2
383,Schaefer2018_17Networks_RH_DefaultB_PFCv_3,15,DefaultB,384,17Networks_RH_DefaultB_PFCv_3,54,24,6,rh_17Networks_RH_DefaultB_PFCv_3,DefaultB_PFCv_3,X17Networks_RH_DefaultB_PFCv_3,,,,384,Schaefer2018_17Networks_RH_DefaultB_PFCv_3
384,Schaefer2018_17Networks_RH_DefaultC_IPL_1,15,DefaultC,385,17Networks_RH_DefaultC_IPL_1,48,-64,22,rh_17Networks_RH_DefaultC_IPL_1,DefaultC_IPL_1,X17Networks_RH_DefaultC_IPL_1,,,,385,Schaefer2018_17Networks_RH_DefaultC_IPL_1
385,Schaefer2018_17Networks_RH_DefaultC_IPL_2,15,DefaultC,386,17Networks_RH_DefaultC_IPL_2,46,-76,30,rh_17Networks_RH_DefaultC_IPL_2,DefaultC_IPL_2,X17Networks_RH_DefaultC_IPL_2,,,,386,Schaefer2018_17Networks_RH_DefaultC_IPL_2
386,Schaefer2018_17Networks_RH_DefaultC_Rsp_1,15,DefaultC,387,17Networks_RH_DefaultC_Rsp_1,14,-46,4,rh_17Networks_RH_DefaultC_Rsp_1,DefaultC_Rsp_1,X17Networks_RH_DefaultC_Rsp_1,,,,387,Schaefer2018_17Networks_RH_DefaultC_Rsp_1
387,Schaefer2018_17Networks_RH_DefaultC_Rsp_2,16,DefaultC,388,17Networks_RH_DefaultC_Rsp_2,12,-56,16,rh_17Networks_RH_DefaultC_Rsp_2,DefaultC_Rsp_2,X17Networks_RH_DefaultC_Rsp_2,,,,388,Schaefer2018_17Networks_RH_DefaultC_Rsp_2
388,Schaefer2018_17Networks_RH_DefaultC_PHC_1,16,DefaultC,389,17Networks_RH_DefaultC_PHC_1,22,-18,-28,rh_17Networks_RH_DefaultC_PHC_1,DefaultC_PHC_1,X17Networks_RH_DefaultC_PHC_1,,,,389,Schaefer2018_17Networks_RH_DefaultC_PHC_1
389,Schaefer2018_17Networks_RH_DefaultC_PHC_2,16,DefaultC,390,17Networks_RH_DefaultC_PHC_2,30,-30,-18,rh_17Networks_RH_DefaultC_PHC_2,DefaultC_PHC_2,X17Networks_RH_DefaultC_PHC_2,,,,390,Schaefer2018_17Networks_RH_DefaultC_PHC_2
390,Schaefer2018_17Networks_RH_TempPar_1,16,TempPar,391,17Networks_RH_TempPar_1,48,16,-20,rh_17Networks_RH_TempPar_1,TempPar_1,X17Networks_RH_TempPar_1,,,,391,Schaefer2018_17Networks_RH_TempPar_1
391,Schaefer2018_17Networks_RH_TempPar_2,16,TempPar,392,17Networks_RH_TempPar_2,54,-4,-14,rh_17Networks_RH_TempPar_2,TempPar_2,X17Networks_RH_TempPar_2,,,,392,Schaefer2018_17Networks_RH_TempPar_2
392,Schaefer2018_17Networks_RH_TempPar_3,16,TempPar,393,17Networks_RH_TempPar_3,48,-20,-8,rh_17Networks_RH_TempPar_3,TempPar_3,X17Networks_RH_TempPar_3,,,,393,Schaefer2018_17Networks_RH_TempPar_3
393,Schaefer2018_17Networks_RH_TempPar_4,16,TempPar,394,17Networks_RH_TempPar_4,62,-18,0,rh_17Networks_RH_TempPar_4,TempPar_4,X17Networks_RH_TempPar_4,,,,394,Schaefer2018_17Networks_RH_TempPar_4
394,Schaefer2018_17Networks_RH_TempPar_5,17,TempPar,395,17Networks_RH_TempPar_5,50,-34,2,rh_17Networks_RH_TempPar_5,TempPar_5,X17Networks_RH_TempPar_5,,,,395,Schaefer2018_17Networks_RH_TempPar_5
395,Schaefer2018_17Networks_RH_TempPar_6,17,TempPar,396,17Networks_RH_TempPar_6,60,-46,6,rh_17Networks_RH_TempPar_6,TempPar_6,X17Networks_RH_TempPar_6,,,,396,Schaefer2018_17Networks_RH_TempPar_6
396,Schaefer2018_17Networks_RH_TempPar_7,17,TempPar,397,17Networks_RH_TempPar_7,52,-40,12,rh_17Networks_RH_TempPar_7,TempPar_7,X17Networks_RH_TempPar_7,,,,397,Schaefer2018_17Networks_RH_TempPar_7
397,Schaefer2018_17Networks_RH_TempPar_8,17,TempPar,398,17Networks_RH_TempPar_8,64,-34,10,rh_17Networks_RH_TempPar_8,TempPar_8,X17Networks_RH_TempPar_8,,,,398,Schaefer2018_17Networks_RH_TempPar_8
398,Schaefer2018_17Networks_RH_TempPar_9,17,TempPar,399,17Networks_RH_TempPar_9,54,-46,20,rh_17Networks_RH_TempPar_9,TempPar_9,X17Networks_RH_TempPar_9,,,,399,Schaefer2018_17Networks_RH_TempPar_9
399,Schaefer2018_17Networks_RH_TempPar_10,17,TempPar,400,17Networks_RH_TempPar_10,62,-40,22,rh_17Networks_RH_TempPar_10,TempPar_10,X17Networks_RH_TempPar_10,,,,400,Schaefer2018_17Networks_RH_TempPar_10
400,FreeSurfer_Left-Thalamus,18,Thalamus,401,FreeSurfer_Left-Thalamus,,,,Left-Thalamus-Proper,thalamusproper,FreeSurfer_Left.Thalamus,,,,401,FreeSurfer_Left-Thalamus
401,FreeSurfer_Left-Caudate,18,Sub,402,FreeSurfer_Left-Caudate,,,,Left-Caudate,caudate,FreeSurfer_Left.Caudate,,,,402,FreeSurfer_Left-Caudate
402,FreeSurfer_Left-Putamen,18,Sub,403,FreeSurfer_Left-Putamen,,,,Left-Putamen,putamen,FreeSurfer_Left.Putamen,,,,403,FreeSurfer_Left-Putamen
403,FreeSurfer_Left-Pallidum,18,Sub,404,FreeSurfer_Left-Pallidum,,,,Left-Pallidum,pallidum,FreeSurfer_Left.Pallidum,,,,404,FreeSurfer_Left-Pallidum
404,FreeSurfer_Brain-Stem,18,Sub,405,FreeSurfer_Brain-Stem,,,,Brain-Stem,brainstem,FreeSurfer_Brain.Stem,,,,405,FreeSurfer_Brain-Stem
405,FreeSurfer_Left-Hippocampus,18,Hippocampus,406,FreeSurfer_Left-Hippocampus,,,,Left-Hippocampus,hippocampus,FreeSurfer_Left.Hippocampus,,,,406,FreeSurfer_Left-Hippocampus
406,FreeSurfer_Left-Amygdala,18,Amygdala,407,FreeSurfer_Left-Amygdala,,,,Left-Amygdala,amygdala,FreeSurfer_Left.Amygdala,,,,407,FreeSurfer_Left-Amygdala
407,FreeSurfer_Left-Accumbens-area,18,NAcc,408,FreeSurfer_Left-Accumbens-area,,,,Left_Accumbens_Missing,,FreeSurfer_Left.Accumbens.area,,,,408,FreeSurfer_Left-Accumbens-area
408,FreeSurfer_Left-VentralDC,18,Sub,409,FreeSurfer_Left-VentralDC,,,,Left-VentralDC,ventralDC,FreeSurfer_Left.VentralDC,,,,409,FreeSurfer_Left-VentralDC
409,FreeSurfer_Right-Thalamus,18,Thalamus,410,FreeSurfer_Right-Thalamus,,,,Right-Thalamus-Proper,thalamusproper,FreeSurfer_Right.Thalamus,,,,410,FreeSurfer_Right-Thalamus
410,FreeSurfer_Right-Caudate,18,Sub,411,FreeSurfer_Right-Caudate,,,,Right-Caudate,caudate,FreeSurfer_Right.Caudate,,,,411,FreeSurfer_Right-Caudate
411,FreeSurfer_Right-Putamen,18,Sub,412,FreeSurfer_Right-Putamen,,,,Right-Putamen,putamen,FreeSurfer_Right.Putamen,,,,412,FreeSurfer_Right-Putamen
412,FreeSurfer_Right-Pallidum,18,Sub,413,FreeSurfer_Right-Pallidum,,,,Right-Pallidum,pallidum,FreeSurfer_Right.Pallidum,,,,413,FreeSurfer_Right-Pallidum
413,FreeSurfer_Right-Hippocampus,18,Hippocampus,414,FreeSurfer_Right-Hippocampus,,,,Right-Hippocampus,hippocampus,FreeSurfer_Right.Hippocampus,,,,414,FreeSurfer_Right-Hippocampus
414,FreeSurfer_Right-Amygdala,18,Amygdala,415,FreeSurfer_Right-Amygdala,,,,Right-Amygdala,amygdala,FreeSurfer_Right.Amygdala,,,,415,FreeSurfer_Right-Amygdala
415,FreeSurfer_Right-Accumbens-area,18,NAcc,416,FreeSurfer_Right-Accumbens-area,,,,Right_Accumbens_Missing,,FreeSurfer_Right.Accumbens.area,,,,416,FreeSurfer_Right-Accumbens-area
416,FreeSurfer_Right-VentralDC,18,Sub,417,FreeSurfer_Right-VentralDC,,,,Right-VentralDC,ventralDC,FreeSurfer_Right.VentralDC,,,,417,FreeSurfer_Right-VentralDC
417,Buckner2011_17Networks_1,19,17Networks,418,Buckner2011_17Networks_1,,,,Buckner2011_17Networks_1_missing,,,,,,418,Buckner2011_17Networks_1
418,Buckner2011_17Networks_2,19,17Networks,419,Buckner2011_17Networks_2,,,,Buckner2011_17Networks_2_missing,,,,,,419,Buckner2011_17Networks_2
419,Buckner2011_17Networks_3,19,17Networks,420,Buckner2011_17Networks_3,,,,Buckner2011_17Networks_3_missing,,,,,,420,Buckner2011_17Networks_3
420,Buckner2011_17Networks_4,19,17Networks,421,Buckner2011_17Networks_4,,,,Buckner2011_17Networks_4_missing,,,,,,421,Buckner2011_17Networks_4
421,Buckner2011_17Networks_5,19,17Networks,422,Buckner2011_17Networks_5,,,,Buckner2011_17Networks_5_missing,,,,,,422,Buckner2011_17Networks_5
422,Buckner2011_17Networks_6,19,17Networks,423,Buckner2011_17Networks_6,,,,Buckner2011_17Networks_6_missing,,,,,,423,Buckner2011_17Networks_6
423,Buckner2011_17Networks_7,19,17Networks,424,Buckner2011_17Networks_7,,,,Buckner2011_17Networks_7_missing,,,,,,424,Buckner2011_17Networks_7
424,Buckner2011_17Networks_8,19,17Networks,425,Buckner2011_17Networks_8,,,,Buckner2011_17Networks_8_missing,,,,,,425,Buckner2011_17Networks_8
425,Buckner2011_17Networks_9,19,17Networks,426,Buckner2011_17Networks_9,,,,Buckner2011_17Networks_9_missing,,,,,,426,Buckner2011_17Networks_9
426,Buckner2011_17Networks_10,19,17Networks,427,Buckner2011_17Networks_10,,,,Buckner2011_17Networks_10_missing,,,,,,427,Buckner2011_17Networks_10
427,Buckner2011_17Networks_11,19,17Networks,428,Buckner2011_17Networks_11,,,,Buckner2011_17Networks_11_missing,,,,,,428,Buckner2011_17Networks_11
428,Buckner2011_17Networks_12,19,17Networks,429,Buckner2011_17Networks_12,,,,Buckner2011_17Networks_12_missing,,,,,,429,Buckner2011_17Networks_12
429,Buckner2011_17Networks_13,19,17Networks,430,Buckner2011_17Networks_13,,,,Buckner2011_17Networks_13_missing,,,,,,430,Buckner2011_17Networks_13
430,Buckner2011_17Networks_14,19,17Networks,431,Buckner2011_17Networks_14,,,,Buckner2011_17Networks_14_missing,,,,,,431,Buckner2011_17Networks_14
431,Buckner2011_17Networks_15,19,17Networks,432,Buckner2011_17Networks_15,,,,Buckner2011_17Networks_15_missing,,,,,,432,Buckner2011_17Networks_15
432,Buckner2011_17Networks_16,19,17Networks,433,Buckner2011_17Networks_16,,,,Buckner2011_17Networks_16_missing,,,,,,433,Buckner2011_17Networks_16
433,Buckner2011_17Networks_17,19,17Networks,434,Buckner2011_17Networks_17,,,,Buckner2011_17Networks_17_missing,,,,,,434,Buckner2011_17Networks_17